E1,A1,Z1,E2,A2,Z2,E,A,Z,MeV
Н,1.0,1.0,D,2.0,1.0,He,3.0,2.0,5.493020707699543
D,2.0,1.0,D,2.0,1.0,Не,4.0,2.0,23.8471804541
Н,1.0,1.0,Ag,107.0,47.0,Cd,108.0,48.0,8.19249060950824
Н,1.0,1.0,Ag,109.0,47.0,Cd,110.0,48.0,8.900426125503145
D,2.0,1.0,Ag,109.0,47.0,Cd,111.0,48.0,13.312913677204051
Не,4.0,2.0,Ag,109.0,47.0,In,113.0,49.0,2.8159066643129336
Li,7.0,3.0,Ag,107.0,47.0,Sn,114.0,50.0,13.986383911513258
Li,6.0,3.0,Ag,109.0,47.0,Sn,115.0,50.0,15.17962785360578
Li,7.0,3.0,Ag,109.0,47.0,Sn,116.0,50.0,17.321132789496914
B,11.0,5.0,Ag,109.0,47.0,Te,120.0,52.0,8.844536479504313
Н,1.0,1.0,Al,27.0,13.0,Si,28.0,14.0,11.581266145298287
D,2.0,1.0,Al,27.0,13.0,Si,29.0,14.0,17.834386038601224
Не,4.0,2.0,Al,27.0,13.0,P,31.0,15.0,9.664251287496882
Li,6.0,3.0,Al,27.0,13.0,S,33.0,16.0,23.473651320004137
Li,7.0,3.0,Al,27.0,13.0,S,34.0,16.0,27.64208741749826
B,11.0,5.0,Al,27.0,13.0,Ar,38.0,18.0,26.18895662149589
C,12.0,6.0,Al,27.0,13.0,K,39.0,19.0,16.600156356100342
C,13.0,6.0,Al,27.0,13.0,K,40.0,19.0,19.450528302098974
N,15.0,7.0,Al,27.0,13.0,Ca,42.0,20.0,21.438336711507873
O,18.0,8.0,Al,27.0,13.0,Sc,45.0,21.0,23.078697821598325
F,19.0,9.0,Al,27.0,13.0,Ti,46.0,22.0,25.436309388700465
Na,23.0,11.0,Al,27.0,13.0,Cr,50.0,24.0,23.526746483701572
Al,27.0,13.0,Al,27.0,13.0,Fe,54.0,26.0,21.842605150894087
Н,1.0,1.0,Ar,38.0,18.0,K,39.0,19.0,6.36769366759836
D,2.0,1.0,Ar,38.0,18.0,K,40.0,19.0,11.94082286790217
Н,1.0,1.0,Ar,40.0,18.0,K,41.0,19.0,7.80033159339655
Не,4.0,2.0,Ar,36.0,18.0,Ca,40.0,20.0,7.043958384201687
Не,4.0,2.0,Ar,38.0,18.0,Ca,42.0,20.0,6.241010470002948
He,3.0,2.0,Ar,40.0,18.0,Ca,43.0,20.0,18.28895515939803
Не,4.0,2.0,Ar,40.0,18.0,Ca,44.0,20.0,8.846399467700394
Li,7.0,3.0,Ar,38.0,18.0,Sc,45.0,21.0,21.248311915092927
Be,9.0,4.0,Ar,38.0,18.0,Ti,47.0,22.0,21.56688289730664
Be,9.0,4.0,Ar,40.0,18.0,Ti,49.0,22.0,24.873686952298158
B,10.0,5.0,Ar,40.0,18.0,V,50.0,23.0,26.229010867798934
B,11.0,5.0,Ar,40.0,18.0,V,51.0,23.0,25.812633005101816
C,12.0,6.0,Ar,38.0,18.0,Cr,50.0,24.0,15.531732623399876
C,12.0,6.0,Ar,40.0,18.0,Cr,52.0,24.0,20.37177596699621
C,13.0,6.0,Ar,40.0,18.0,Cr,53.0,24.0,23.36839248670003
N,15.0,7.0,Ar,40.0,18.0,Mn,55.0,25.0,22.7638528157986
O,18.0,8.0,Ar,36.0,18.0,Fe,54.0,26.0,25.231380686695047
O,16.0,8.0,Ar,38.0,18.0,Fe,54.0,26.0,16.784592187897942
O,18.0,8.0,Ar,38.0,18.0,Fe,56.0,26.0,25.106560477295716
O,16.0,8.0,Ar,40.0,18.0,Fe,56.0,26.0,20.834728534697206
O,17.0,8.0,Ar,40.0,18.0,Fe,57.0,26.0,24.33435186839779
O,18.0,8.0,Ar,40.0,18.0,Fe,58.0,26.0,26.335201195193804
F,19.0,9.0,Ar,40.0,18.0,Co,59.0,27.0,25.708305665903026
Ne,22.0,10.0,Ar,36.0,18.0,Ni,58.0,28.0,21.97487731309957
Ne,20.0,10.0,Ar,38.0,18.0,Ni,58.0,28.0,18.466870532494795
Ne,22.0,10.0,Ar,38.0,18.0,Ni,60.0,28.0,21.728962870700343
Ne,20.0,10.0,Ar,40.0,18.0,Ni,60.0,28.0,22.39591264630144
Ne,21.0,10.0,Ar,40.0,18.0,Ni,61.0,28.0,23.458747414399113
Ne,22.0,10.0,Ar,40.0,18.0,Ni,62.0,28.0,23.682305998401716
Na,23.0,11.0,Ar,40.0,18.0,Cu,63.0,29.0,21.016369884200685
Mg,26.0,12.0,Ar,38.0,18.0,Zn,64.0,30.0,15.063191091096087
Mg,24.0,12.0,Ar,40.0,18.0,Zn,64.0,30.0,17.031438124402484
Mg,26.0,12.0,Ar,40.0,18.0,Zn,66.0,30.0,17.630388830708398
Si,30.0,14.0,Ar,40.0,18.0,Ge,70.0,32.0,10.96182256879547
S,34.0,16.0,Ar,40.0,18.0,Se,74.0,34.0,7.26472248591017
Ar,38.0,18.0,Ar,40.0,18.0,Kr,78.0,36.0,4.416213528107619
Ar,40.0,18.0,Ar,40.0,18.0,Kr,80.0,36.0,7.8105780284968205
Н,1.0,1.0,As,75.0,33.0,Se,76.0,34.0,9.478883961608517
D,2.0,1.0,As,75.0,33.0,Se,77.0,34.0,14.66916908681742
Не,4.0,2.0,As,75.0,33.0,Br,79.0,35.0,5.4352680735173635
Li,7.0,3.0,As,75.0,33.0,Kr,82.0,36.0,22.45087079820223
B,11.0,5.0,As,75.0,33.0,Sr,86.0,38.0,20.143559912510682
N,15.0,7.0,As,75.0,33.0,Zr,90.0,40.0,16.178189528814983
O,18.0,8.0,As,75.0,33.0,Nb,93.0,41.0,13.711593152023852
F,19.0,9.0,As,75.0,33.0,Mo,94.0,42.0,14.200627554499079
Na,23.0,11.0,As,75.0,33.0,Ru,98.0,44.0,5.45203496729664
Н,1.0,1.0,Au,197.0,79.0,Hg,198.0,80.0,7.057930795708671
D,2.0,1.0,Au,197.0,79.0,Hg,199.0,80.0,11.548663851805031
Li,7.0,3.0,Au,197.0,79.0,Pb,204.0,82.0,8.83801602080348
D,2.0,1.0,B,10.0,5.0,C,12.0,6.0,25.188531958097883
Н,1.0,1.0,B,11.0,5.0,C,12.0,6.0,15.956493932997546
D,2.0,1.0,B,11.0,5.0,C,13.0,6.0,18.679251187299087
Не,4.0,2.0,B,10.0,5.0,N,14.0,7.0,11.457377429996995
He,3.0,2.0,B,11.0,5.0,N,14.0,7.0,20.579499151299387
Не,4.0,2.0,B,11.0,5.0,N,15.0,7.0,10.991630379998242
Li,6.0,3.0,B,10.0,5.0,O,16.0,8.0,30.879029414998513
Li,7.0,3.0,B,10.0,5.0,O,17.0,8.0,27.76783912099745
Li,6.0,3.0,B,11.0,5.0,O,17.0,8.0,23.564006247697762
Li,7.0,3.0,B,11.0,5.0,O,18.0,8.0,24.358570714997768
Be,9.0,4.0,B,10.0,5.0,F,19.0,9.0,24.889522351997584
B,10.0,5.0,B,10.0,5.0,Ne,20.0,10.0,31.14543672759828
B,10.0,5.0,B,11.0,5.0,Ne,21.0,10.0,26.44977496950014
B,11.0,5.0,B,11.0,5.0,Ne,22.0,10.0,25.359926872497454
D,2.0,1.0,Ba,136.0,56.0,La,138.0,57.0,10.853769253197243
Н,1.0,1.0,Ba,137.0,56.0,La,138.0,57.0,6.124573707507807
D,2.0,1.0,Ba,137.0,56.0,La,139.0,57.0,12.670182748217485
Н,1.0,1.0,Ba,138.0,56.0,La,139.0,57.0,6.310872527494212
Не,4.0,2.0,Ba,132.0,56.0,Ce,136.0,58.0,0.5803208243014524
Не,4.0,2.0,Ba,134.0,56.0,Ce,138.0,58.0,1.1112724613049068
He,3.0,2.0,Ba,135.0,56.0,Ce,138.0,58.0,14.79212630802067
Не,4.0,2.0,Ba,136.0,56.0,Ce,140.0,58.0,1.0646977563010296
He,3.0,2.0,Ba,137.0,56.0,Ce,140.0,58.0,14.689661957017961
Li,7.0,3.0,Ba,134.0,56.0,Pr,141.0,59.0,12.039561242534546
Li,6.0,3.0,Ba,135.0,56.0,Pr,141.0,59.0,12.394460494630039
Be,9.0,4.0,Ba,134.0,56.0,Nd,143.0,60.0,6.404953431600006
Be,9.0,4.0,Ba,135.0,56.0,Nd,144.0,60.0,7.317817649629433
Be,9.0,4.0,Ba,136.0,56.0,Nd,145.0,60.0,4.085533122619381
Be,9.0,4.0,Ba,137.0,56.0,Nd,146.0,60.0,4.709634169616038
Н,1.0,1.0,Be,9.0,4.0,B,10.0,5.0,6.587526275199707
D,2.0,1.0,Be,9.0,4.0,B,11.0,5.0,15.819564300300044
He,3.0,2.0,Be,9.0,4.0,C,12.0,6.0,26.283037525599866
Не,4.0,2.0,Be,9.0,4.0,C,13.0,6.0,10.651635033500497
Li,6.0,3.0,Be,9.0,4.0,N,15.0,7.0,25.34036549639859
Be,9.0,4.0,Be,9.0,4.0,O,18.0,8.0,23.48482924919881
Н,1.0,1.0,Br,79.0,35.0,Kr,80.0,36.0,9.11932723899372
Н,1.0,1.0,Br,81.0,35.0,Kr,82.0,36.0,9.953945952598588
D,2.0,1.0,Br,81.0,35.0,Kr,83.0,36.0,15.1973262415122
Не,4.0,2.0,Br,81.0,35.0,Rb,85.0,37.0,6.7412228017055895
Li,7.0,3.0,Br,79.0,35.0,Sr,86.0,38.0,23.37398145129555
Li,6.0,3.0,Br,81.0,35.0,Sr,87.0,38.0,21.03313677800179
Li,7.0,3.0,Br,81.0,35.0,Sr,88.0,38.0,24.907220739900367
B,11.0,5.0,Br,79.0,35.0,Zr,90.0,40.0,21.73455183529586
B,10.0,5.0,Br,81.0,35.0,Zr,91.0,40.0,22.386597705306485
B,11.0,5.0,Br,81.0,35.0,Zr,92.0,40.0,19.61633425189939
C,12.0,6.0,Br,81.0,35.0,Nb,93.0,41.0,9.616745088409516
N,15.0,7.0,Br,79.0,35.0,Mo,94.0,42.0,12.776373075583251
N,14.0,7.0,Br,81.0,35.0,Mo,95.0,42.0,12.916097190594883
N,15.0,7.0,Br,81.0,35.0,Mo,96.0,42.0,11.086642778216628
F,19.0,9.0,Br,79.0,35.0,Ru,98.0,44.0,10.48210310729337
F,19.0,9.0,Br,81.0,35.0,Ru,100.0,44.0,10.925494298906415
Ne,22.0,10.0,Br,81.0,35.0,Rh,103.0,45.0,2.728346218907973
Na,23.0,11.0,Br,79.0,35.0,Pd,102.0,46.0,2.9630827321088873
Na,23.0,11.0,Br,81.0,35.0,Pd,104.0,46.0,2.3818304136948427
D,2.0,1.0,C,12.0,6.0,N,14.0,7.0,10.116025925999566
Н,1.0,1.0,C,13.0,6.0,N,14.0,7.0,7.393268671698024
D,2.0,1.0,C,13.0,6.0,N,15.0,7.0,16.15955964679779
Не,4.0,2.0,C,12.0,6.0,O,16.0,8.0,7.1613266408003255
He,3.0,2.0,C,13.0,6.0,O,16.0,8.0,22.792729132897875
Не,4.0,2.0,C,13.0,6.0,O,17.0,8.0,6.355584244296551
Li,7.0,3.0,C,12.0,6.0,F,19.0,9.0,16.394296159996884
Li,6.0,3.0,C,13.0,6.0,F,19.0,9.0,18.69974405749599
Be,9.0,4.0,C,12.0,6.0,Ne,21.0,10.0,17.080807311700482
Be,9.0,4.0,C,13.0,6.0,Ne,22.0,10.0,22.50023998550023
B,11.0,5.0,C,12.0,6.0,Na,23.0,11.0,18.19394276120147
B,10.0,5.0,C,13.0,6.0,Na,23.0,11.0,24.703223532000266
C,12.0,6.0,C,12.0,6.0,Mg,24.0,12.0,13.930494265499874
C,12.0,6.0,C,13.0,6.0,Mg,25.0,12.0,16.314187667398073
C,13.0,6.0,C,13.0,6.0,Mg,26.0,12.0,22.4648432096983
D,2.0,1.0,Ca,43.0,20.0,Sc,45.0,21.0,15.800934418293764
Н,1.0,1.0,Ca,44.0,20.0,Sc,45.0,21.0,6.8893303635923075
Не,4.0,2.0,Ca,42.0,20.0,Ti,46.0,22.0,8.008986271794129
He,3.0,2.0,Ca,43.0,20.0,Ti,46.0,22.0,20.65774465569848
Не,4.0,2.0,Ca,43.0,20.0,Ti,47.0,22.0,8.965630712504208
He,3.0,2.0,Ca,44.0,20.0,Ti,47.0,22.0,18.408186404201842
Не,4.0,2.0,Ca,44.0,20.0,Ti,48.0,22.0,9.450007644496509
He,3.0,2.0,Ca,46.0,20.0,Ti,49.0,22.0,20.355009073195106
Не,4.0,2.0,Ca,46.0,20.0,Ti,50.0,22.0,10.714045138200163
Li,7.0,3.0,Ca,43.0,20.0,V,50.0,23.0,25.727867041998252
Li,6.0,3.0,Ca,44.0,20.0,V,50.0,23.0,21.844468139097444
Li,7.0,3.0,Ca,44.0,20.0,V,51.0,23.0,25.631923149696377
Be,9.0,4.0,Ca,43.0,20.0,Cr,52.0,24.0,28.365858333199867
Be,9.0,4.0,Ca,44.0,20.0,Cr,53.0,24.0,25.173628052500135
B,11.0,5.0,Ca,44.0,20.0,Mn,55.0,25.0,24.909083728096448
C,12.0,6.0,Ca,42.0,20.0,Fe,54.0,26.0,17.704908358689863
C,13.0,6.0,Ca,43.0,20.0,Fe,56.0,26.0,25.338502508195234
C,12.0,6.0,Ca,44.0,20.0,Fe,56.0,26.0,19.14965570779168
C,13.0,6.0,Ca,44.0,20.0,Fe,57.0,26.0,21.843536644992128
C,12.0,6.0,Ca,46.0,20.0,Fe,58.0,26.0,19.018315039691515
N,15.0,7.0,Ca,44.0,20.0,Co,59.0,27.0,20.872919792796893
N,14.0,7.0,Ca,46.0,20.0,Co*,60.0,27.0,21.54080106249603
O,18.0,8.0,Ca,40.0,20.0,Ni,58.0,28.0,24.59796469869616
O,16.0,8.0,Ca,42.0,20.0,Ni,58.0,28.0,16.954124114097795
O,18.0,8.0,Ca,42.0,20.0,Ni,60.0,28.0,25.154998170495674
O,17.0,8.0,Ca,43.0,20.0,Ni,60.0,28.0,25.272366427103407
O,18.0,8.0,Ca,43.0,20.0,Ni,61.0,28.0,25.048807843100803
O,16.0,8.0,Ca,44.0,20.0,Ni,60.0,28.0,18.277777230199717
O,17.0,8.0,Ca,44.0,20.0,Ni,61.0,28.0,21.95997340750182
O,18.0,8.0,Ca,44.0,20.0,Ni,62.0,28.0,24.5029523004996
O,16.0,8.0,Ca,46.0,20.0,Ni,62.0,28.0,18.871138971902838
O,18.0,8.0,Ca,46.0,20.0,Ni,64.0,28.0,23.18488814900047
O,16.0,8.0,Ca,48.0,20.0,Ni,64.0,28.0,17.99553451790416
F,19.0,9.0,Ca,44.0,20.0,Cu,63.0,29.0,22.635306629999832
F,19.0,9.0,Ca,46.0,20.0,Cu,65.0,29.0,22.642758582798706
Ne,22.0,10.0,Ca,42.0,20.0,Zn,64.0,30.0,19.438418878795346
Ne,21.0,10.0,Ca,43.0,20.0,Zn,64.0,30.0,21.875207444398256
Ne,20.0,10.0,Ca,44.0,20.0,Zn,64.0,30.0,17.49997965669172
Ne,22.0,10.0,Ca,44.0,20.0,Zn,66.0,30.0,19.400227620702935
Ne,20.0,10.0,Ca,46.0,20.0,Zn,66.0,30.0,18.707196010298503
Ne,21.0,10.0,Ca,46.0,20.0,Zn,67.0,30.0,18.992233204895456
Ne,22.0,10.0,Ca,46.0,20.0,Zn,68.0,30.0,18.82456426689896
Ne,20.0,10.0,Ca,48.0,20.0,Zn,68.0,30.0,18.57399235399498
Ne,22.0,10.0,Ca,48.0,20.0,Zn,70.0,30.0,17.13949144000071
Na,23.0,11.0,Ca,46.0,20.0,Ga,69.0,31.0,16.561965098000655
Na,23.0,11.0,Ca,48.0,20.0,Ga,71.0,31.0,16.11112195358146
Mg,26.0,12.0,Ca,44.0,20.0,Ge,70.0,32.0,12.765195146392216
Mg,24.0,12.0,Ca,46.0,20.0,Ge,70.0,32.0,13.373460793693084
Mg,26.0,12.0,Ca,46.0,20.0,Ge,72.0,32.0,13.22535323179909
Mg,24.0,12.0,Ca,48.0,20.0,Ge,72.0,32.0,14.276078576600412
Mg,25.0,12.0,Ca,48.0,20.0,Ge,73.0,32.0,13.826166926286533
Mg,26.0,12.0,Ca,48.0,20.0,Ge,74.0,32.0,12.85834455639997
Al,27.0,13.0,Ca,48.0,20.0,As,75.0,33.0,11.474144323787186
Si,30.0,14.0,Ca,44.0,20.0,Se,74.0,34.0,6.3350913741014665
Si,28.0,14.0,Ca,46.0,20.0,Se,74.0,34.0,7.606580820603995
Si,30.0,14.0,Ca,46.0,20.0,Se,76.0,34.0,7.657812996098073
Si,28.0,14.0,Ca,48.0,20.0,Se,76.0,34.0,9.371762140101055
Si,29.0,14.0,Ca,48.0,20.0,Se,77.0,34.0,8.308927372010658
Si,30.0,14.0,Ca,48.0,20.0,Se,78.0,34.0,8.174792221587268
P,31.0,15.0,Ca,48.0,20.0,Br,79.0,35.0,7.245161109807668
S,34.0,16.0,Ca,44.0,20.0,Kr,78.0,36.0,2.782372876696172
S,32.0,16.0,Ca,46.0,20.0,Kr,78.0,36.0,5.025410669491976
S,34.0,16.0,Ca,46.0,20.0,Kr,80.0,36.0,4.8167559910943964
S,32.0,16.0,Ca,48.0,20.0,Kr,80.0,36.0,7.502253481390653
S,34.0,16.0,Ca,48.0,20.0,Kr,82.0,36.0,6.282927704494796
Cl,37.0,17.0,Ca,48.0,20.0,Rb,85.0,37.0,6.100354860900552
Ar,40.0,18.0,Ca,44.0,20.0,Sr,84.0,38.0,4.189860461803619
Ar,38.0,18.0,Ca,46.0,20.0,Sr,84.0,38.0,2.8298790757980896
Ar,40.0,18.0,Ca,46.0,20.0,Sr,86.0,38.0,6.346269303292502
Ar,36.0,18.0,Ca,48.0,20.0,Sr,84.0,38.0,6.087313943498884
Ar,38.0,18.0,Ca,48.0,20.0,Sr,86.0,38.0,5.428747614801978
Ar,40.0,18.0,Ca,48.0,20.0,Sr,88.0,38.0,8.511061591692851
K,41.0,19.0,Ca,48.0,20.0,Y,89.0,39.0,8.167340268802946
Ca,44.0,20.0,Ca,46.0,20.0,Zr,90.0,40.0,4.52612983189465
Ca,46.0,20.0,Ca,46.0,20.0,Zr,92.0,40.0,2.5970055507932557
Ca,42.0,20.0,Ca,48.0,20.0,Zr,90.0,40.0,6.213997141094296
Ca,43.0,20.0,Ca,48.0,20.0,Zr,91.0,40.0,5.489294731305563
Ca,44.0,20.0,Ca,48.0,20.0,Zr,92.0,40.0,3.039465248293709
Sc,45.0,21.0,Ca,48.0,20.0,Nb,93.0,41.0,2.1070396542199887
Ti,46.0,22.0,Ca,48.0,20.0,Mo,94.0,42.0,0.2384624895930756
D,2.0,1.0,Cd,111.0,48.0,In,113.0,49.0,13.350173441212974
Н,1.0,1.0,Cd,112.0,48.0,In,113.0,49.0,5.947589828501805
D,2.0,1.0,Cd,113.0,48.0,In,115.0,49.0,13.638936612202087
Н,1.0,1.0,Cd,114.0,48.0,In,115.0,49.0,6.823194282493205
Не,4.0,2.0,Cd,108.0,48.0,Sn,112.0,50.0,1.5490746883006068
He,3.0,2.0,Cd,111.0,48.0,Sn,114.0,50.0,13.581183978021727
Не,4.0,2.0,Cd,111.0,48.0,Sn,115.0,50.0,3.3375433603068814
He,3.0,2.0,Cd,112.0,48.0,Sn,115.0,50.0,14.28911949400208
Не,4.0,2.0,Cd,112.0,48.0,Sn,116.0,50.0,3.1046698353020474
He,3.0,2.0,Cd,113.0,48.0,Sn,116.0,50.0,17.26058567300788
Не,4.0,2.0,Cd,113.0,48.0,Sn,117.0,50.0,3.8684949973103357
He,3.0,2.0,Cd,114.0,48.0,Sn,117.0,50.0,15.40691241400782
Не,4.0,2.0,Cd,114.0,48.0,Sn,118.0,50.0,4.0827386402961565
He,3.0,2.0,Cd,116.0,48.0,Sn,119.0,50.0,16.440870865015313
Не,4.0,2.0,Cd,116.0,48.0,Sn,120.0,50.0,5.107382150308695
Li,7.0,3.0,Cd,114.0,48.0,Sb,121.0,51.0,14.740894132497488
Li,7.0,3.0,Cd,116.0,48.0,Sb,123.0,51.0,15.709647996496642
Be,9.0,4.0,Cd,111.0,48.0,Te,120.0,52.0,11.351187102598487
Be,9.0,4.0,Cd,113.0,48.0,Te,122.0,52.0,12.850892603586544
Be,9.0,4.0,Cd,114.0,48.0,Te,123.0,52.0,10.782975701600662
Be,9.0,4.0,Cd,116.0,48.0,Te,125.0,52.0,11.900768621606403
B,11.0,5.0,Cd,116.0,48.0,I,127.0,53.0,9.280475718303933
C,13.0,6.0,Cd,111.0,48.0,Xe,124.0,54.0,1.6245257104019402
C,13.0,6.0,Cd,113.0,48.0,Xe,126.0,54.0,3.5350201094988734
C,12.0,6.0,Cd,116.0,48.0,Xe,128.0,54.0,1.3711593152111163
C,13.0,6.0,Cd,116.0,48.0,Xe,129.0,54.0,3.3347488779982086
Н,1.0,1.0,Ce,140.0,58.0,Pr,141.0,59.0,5.82649559553829
Не,4.0,2.0,Ce,138.0,58.0,Nd,142.0,60.0,0.7871125145175029
He,3.0,2.0,Ce,140.0,58.0,Nd,143.0,60.0,11.392172843014123
He,3.0,2.0,Ce,142.0,58.0,Nd,145.0,60.0,12.025588831020286
Be,9.0,4.0,Ce,138.0,58.0,Sm,147.0,62.0,3.060889612592291
Be,9.0,4.0,Ce,140.0,58.0,Sm,149.0,62.0,1.0022876516159158
Н,1.0,1.0,Cl,35.0,17.0,Ar,36.0,18.0,8.506404121195374
Н,1.0,1.0,Cl,37.0,17.0,Ar,38.0,18.0,10.242709123602253
Не,4.0,2.0,Cl,35.0,17.0,K,39.0,19.0,7.213490310394263
He,3.0,2.0,Cl,37.0,17.0,K,40.0,19.0,16.6905112838067
Не,4.0,2.0,Cl,37.0,17.0,K,41.0,19.0,6.207476682400738
Li,7.0,3.0,Cl,35.0,17.0,Ca,42.0,20.0,24.43495323119714
Li,6.0,3.0,Cl,37.0,17.0,Ca,43.0,20.0,20.718291772202065
Li,7.0,3.0,Cl,37.0,17.0,Ca,44.0,20.0,24.601690675102873
B,11.0,5.0,Cl,35.0,17.0,Ti,46.0,22.0,23.778249890696316
B,10.0,5.0,Cl,37.0,17.0,Ti,47.0,22.0,25.22206574570737
B,11.0,5.0,Cl,37.0,17.0,Ti,48.0,22.0,25.386008707304427
C,13.0,6.0,Cl,37.0,17.0,V,50.0,23.0,20.57204719850415
N,15.0,7.0,Cl,35.0,17.0,Cr,50.0,24.0,21.34239281919872
N,15.0,7.0,Cl,37.0,17.0,Cr,52.0,24.0,23.74378460900334
O,18.0,8.0,Cl,37.0,17.0,Mn,55.0,25.0,25.152203688201553
F,19.0,9.0,Cl,35.0,17.0,Fe,54.0,26.0,25.745565429897397
F,19.0,9.0,Cl,37.0,17.0,Fe,56.0,26.0,27.35705022289767
Ne,22.0,10.0,Cl,37.0,17.0,Co,59.0,27.0,22.44062436310196
Na,23.0,11.0,Cl,35.0,17.0,Ni,58.0,28.0,21.69077161259338
Na,23.0,11.0,Cl,37.0,17.0,Ni,60.0,28.0,23.181162172601034
Mg,26.0,12.0,Cl,37.0,17.0,Cu,63.0,29.0,17.59778653720423
Al,27.0,13.0,Cl,37.0,17.0,Zn,64.0,30.0,17.033301112598565
Cl,37.0,17.0,Cl,37.0,17.0,Se,74.0,34.0,8.702017882213113
Н,1.0,1.0,Co,59.0,27.0,Ni,60.0,28.0,9.531047631200636
D,2.0,1.0,Co,59.0,27.0,Ni,61.0,28.0,15.130258666300506
Не,4.0,2.0,Co,59.0,27.0,Cu,63.0,29.0,5.773400431804475
Li,7.0,3.0,Co,59.0,27.0,Zn,66.0,30.0,21.561293932703848
B,11.0,5.0,Co,59.0,27.0,Ge,70.0,32.0,16.87681010380038
N,15.0,7.0,Co,59.0,27.0,Se,74.0,34.0,10.104847996801254
F,19.0,9.0,Co,59.0,27.0,Kr,78.0,36.0,10.457884260700666
Н,1.0,1.0,Co*,60.0,27.0,Ni,61.0,28.0,9.857070566198672
D,2.0,1.0,Co*,60.0,27.0,Ni,62.0,28.0,18.222819078298926
He,3.0,2.0,Co*,60.0,27.0,Cu,63.0,29.0,18.854372078101733
Li,6.0,3.0,Co*,60.0,27.0,Zn,66.0,30.0,21.316310984402662
Li,7.0,3.0,Co*,60.0,27.0,Zn,67.0,30.0,21.109519294193888
Be,9.0,4.0,Co*,60.0,27.0,Ga,69.0,31.0,18.918645171004755
B,10.0,5.0,Co*,60.0,27.0,Ge,70.0,32.0,20.835660028795246
N,14.0,7.0,Co*,60.0,27.0,Se,74.0,34.0,13.597950871801004
D,2.0,1.0,Cr,53.0,24.0,Mn,55.0,25.0,15.555019975894538
Н,1.0,1.0,Cr,54.0,24.0,Mn,55.0,25.0,8.057423964994086
Не,4.0,2.0,Cr,50.0,24.0,Fe,54.0,26.0,8.414186205292935
Не,4.0,2.0,Cr,52.0,24.0,Fe,56.0,26.0,7.624279208495864
He,3.0,2.0,Cr,53.0,24.0,Fe,56.0,26.0,20.25906518089323
Не,4.0,2.0,Cr,53.0,24.0,Fe,57.0,26.0,7.32154362599249
He,3.0,2.0,Cr,54.0,24.0,Fe,57.0,26.0,18.17810736149113
Не,4.0,2.0,Cr,54.0,24.0,Fe,58.0,26.0,7.647566560990526
Li,7.0,3.0,Cr,52.0,24.0,Co,59.0,27.0,21.730825858896424
Li,6.0,3.0,Cr,53.0,24.0,Co,59.0,27.0,21.039657236695348
Li,7.0,3.0,Cr,53.0,24.0,Co*,60.0,27.0,21.284640184996533
Li,6.0,3.0,Cr,54.0,24.0,Co*,60.0,27.0,18.81524932589673
Be,9.0,4.0,Cr,52.0,24.0,Ni,61.0,28.0,20.167778759103385
Be,9.0,4.0,Cr,53.0,24.0,Ni,62.0,28.0,22.814153497201914
B,11.0,5.0,Cr,52.0,24.0,Cu,63.0,29.0,18.838536678405944
B,10.0,5.0,Cr,53.0,24.0,Cu,63.0,29.0,22.35120092950092
B,11.0,5.0,Cr,54.0,24.0,Cu,65.0,29.0,19.000616651799646
C,12.0,6.0,Cr,52.0,24.0,Zn,64.0,30.0,10.590156422898872
C,13.0,6.0,Cr,53.0,24.0,Zn,66.0,30.0,16.72683955370303
C,12.0,6.0,Cr,54.0,24.0,Zn,66.0,30.0,11.952000797100482
C,13.0,6.0,Cr,54.0,24.0,Zn,67.0,30.0,14.050657004394452
N,15.0,7.0,Cr,54.0,24.0,Ga,69.0,31.0,12.393529000502895
O,18.0,8.0,Cr,52.0,24.0,Ge,70.0,32.0,14.249065247699036
O,17.0,8.0,Cr,53.0,24.0,Ge,70.0,32.0,14.352461092799786
O,16.0,8.0,Cr,54.0,24.0,Ge,70.0,32.0,8.7718799396971
O,18.0,8.0,Cr,54.0,24.0,Ge,72.0,32.0,14.863851353700738
Ne,22.0,10.0,Cr,52.0,24.0,Se,74.0,34.0,8.80168775090715
Ne,21.0,10.0,Cr,53.0,24.0,Se,74.0,34.0,11.224503905003075
Ne,20.0,10.0,Cr,54.0,24.0,Se,74.0,34.0,8.26328416110482
Ne,22.0,10.0,Cr,54.0,24.0,Se,76.0,34.0,10.279037393498584
Mg,26.0,12.0,Cr,52.0,24.0,Kr,78.0,36.0,2.54949935170589
Mg,25.0,12.0,Cr,53.0,24.0,Kr,78.0,36.0,5.703538374305936
Mg,24.0,12.0,Cr,54.0,24.0,Kr,78.0,36.0,3.3123930196015863
Mg,26.0,12.0,Cr,54.0,24.0,Kr,80.0,36.0,4.738510486698942
Н,1.0,1.0,Cs,133.0,55.0,Ba,134.0,56.0,8.015506730502238
D,2.0,1.0,Cs,133.0,55.0,Ba,135.0,56.0,12.688812630192842
Li,7.0,3.0,Cs,133.0,55.0,Ce,140.0,58.0,14.228572377498494
B,10.0,5.0,Cs,133.0,55.0,Nd,143.0,60.0,7.832933886907995
B,11.0,5.0,Cs,133.0,55.0,Nd,144.0,60.0,4.18706597952405
Н,1.0,1.0,Cs*,137.0,55.0,Ba,138.0,56.0,8.974945653506438
Н,1.0,1.0,Cu,63.0,29.0,Zn,64.0,30.0,7.7081136774941115
Н,1.0,1.0,Cu,65.0,29.0,Zn,66.0,30.0,8.90787807830202
D,2.0,1.0,Cu,65.0,29.0,Zn,67.0,30.0,13.729291539893893
Не,4.0,2.0,Cu,65.0,29.0,Ga,69.0,31.0,4.38454272870149
Li,7.0,3.0,Cu,63.0,29.0,Ge,70.0,32.0,19.76909928429086
Li,7.0,3.0,Cu,65.0,29.0,Ge,72.0,32.0,20.221805416906136
B,11.0,5.0,Cu,63.0,29.0,Se,74.0,34.0,15.32307794499502
B,11.0,5.0,Cu,65.0,29.0,Se,76.0,34.0,16.638347614192753
N,15.0,7.0,Cu,63.0,29.0,Kr,78.0,36.0,8.695497423497727
N,15.0,7.0,Cu,65.0,29.0,Kr,80.0,36.0,10.722428585097077
F,19.0,9.0,Cu,65.0,29.0,Sr,84.0,38.0,11.937096891502733
Al,27.0,13.0,Cu,65.0,29.0,Mo,92.0,42.0,2.8233586170972558
D,2.0,1.0,Dy,163.0,66.0,Ho,165.0,67.0,11.338146185211372
Н,1.0,1.0,Dy,164.0,66.0,Ho,165.0,67.0,5.919645005516941
He,3.0,2.0,Dy,161.0,66.0,Er,164.0,68.0,12.416816352983005
He,3.0,2.0,Dy,163.0,66.0,Er,166.0,68.0,13.040917399979662
He,3.0,2.0,Dy,164.0,66.0,Er,167.0,68.0,11.932439420983428
Li,7.0,3.0,Dy,162.0,66.0,Tm,169.0,69.0,7.568389562511584
Li,6.0,3.0,Dy,163.0,66.0,Tm,169.0,69.0,8.519445038575213
Be,9.0,4.0,Dy,161.0,66.0,Yb,170.0,70.0,3.6384159545996226
Be,9.0,4.0,Dy,162.0,66.0,Yb,171.0,70.0,2.026931161613902
Be,9.0,4.0,Dy,163.0,66.0,Yb,172.0,70.0,3.7222504235978704
Be,9.0,4.0,Dy,164.0,66.0,Yb,173.0,70.0,2.5299379756033886
D,2.0,1.0,Er,167.0,68.0,Tm,169.0,69.0,10.993493368208874
Н,1.0,1.0,Er,168.0,68.0,Tm,169.0,69.0,5.453897955478169
He,3.0,2.0,Er,167.0,68.0,Yb,170.0,70.0,12.295722120004939
He,3.0,2.0,Er,168.0,68.0,Yb,171.0,70.0,11.11272461299086
He,3.0,2.0,Er,170.0,68.0,Yb,173.0,70.0,12.332981883984758
Li,7.0,3.0,Er,168.0,68.0,Lu,175.0,71.0,6.981548279494746
Li,6.0,3.0,Er,170.0,68.0,Lu,176.0,71.0,7.3550774135801475
Be,9.0,4.0,Er,167.0,68.0,Hf,176.0,72.0,2.4088437425962184
Be,9.0,4.0,Er,168.0,68.0,Hf,177.0,72.0,1.0116025925963186
Be,9.0,4.0,Er,170.0,68.0,Hf,179.0,72.0,1.5611841115751304
B,10.0,5.0,Er,170.0,68.0,Ta,180.0,73.0,0.8653580188984051
Н,1.0,1.0,Eu,151.0,63.0,Gd,152.0,64.0,7.382090742525179
Н,1.0,1.0,Eu,153.0,63.0,Gd,154.0,64.0,7.419350506504998
D,2.0,1.0,Eu,153.0,63.0,Gd,155.0,64.0,11.524445005197776
Li,7.0,3.0,Eu,151.0,63.0,Dy,158.0,66.0,10.87519361753948
Li,7.0,3.0,Eu,153.0,63.0,Dy,160.0,66.0,11.210531493503368
B,11.0,5.0,Eu,151.0,63.0,Er,162.0,68.0,0.12575170354102738
B,11.0,5.0,Eu,153.0,63.0,Er,164.0,68.0,0.8057423964783084
Н,1.0,1.0,F,19.0,9.0,Ne,20.0,10.0,12.843440650802222
D,2.0,1.0,F,19.0,9.0,Ne,21.0,10.0,17.37981691780442
Не,4.0,2.0,F,19.0,9.0,Na,23.0,11.0,10.465336213503178
Li,6.0,3.0,F,19.0,9.0,Mg,25.0,12.0,25.79400312310463
Li,7.0,3.0,F,19.0,9.0,Mg,26.0,12.0,29.639210767902114
B,10.0,5.0,F,19.0,9.0,Si,29.0,14.0,32.465363867300766
B,11.0,5.0,F,19.0,9.0,Si,30.0,14.0,31.62329320090066
C,12.0,6.0,F,19.0,9.0,P,31.0,15.0,22.953877612202632
N,14.0,7.0,F,19.0,9.0,S,33.0,16.0,28.11808090260456
N,15.0,7.0,F,19.0,9.0,S,34.0,16.0,28.548431176801387
O,16.0,8.0,F,19.0,9.0,Cl,35.0,17.0,22.789003156503895
O,18.0,8.0,F,19.0,9.0,Cl,37.0,17.0,29.499486652901396
F,19.0,9.0,F,19.0,9.0,Ar,38.0,18.0,31.74997639850335
D,2.0,1.0,Fe,57.0,26.0,Co,59.0,27.0,15.188942794600734
Н,1.0,1.0,Fe,58.0,26.0,Co,59.0,27.0,7.365323848702246
D,2.0,1.0,Fe,58.0,26.0,Co*,60.0,27.0,12.63851194880408
Не,4.0,2.0,Fe,54.0,26.0,Ni,58.0,28.0,6.4105423962028
Не,4.0,2.0,Fe,56.0,26.0,Ni,60.0,28.0,6.289448163202906
He,3.0,2.0,Fe,57.0,26.0,Ni,60.0,28.0,19.226969718103646
Не,4.0,2.0,Fe,57.0,26.0,Ni,61.0,28.0,6.472021006804425
He,3.0,2.0,Fe,58.0,26.0,Ni,61.0,28.0,17.002561807305028
Не,4.0,2.0,Fe,58.0,26.0,Ni,62.0,28.0,7.014150573006191
Li,7.0,3.0,Fe,56.0,26.0,Cu,63.0,29.0,19.879947082205035
Li,6.0,3.0,Fe,57.0,26.0,Cu,63.0,29.0,19.491514042507333
Li,7.0,3.0,Fe,58.0,26.0,Cu,65.0,29.0,20.018739703104075
Be,9.0,4.0,Fe,57.0,26.0,Zn,66.0,30.0,20.056930961211037
Be,9.0,4.0,Fe,58.0,26.0,Zn,67.0,30.0,17.054725476904423
B,11.0,5.0,Fe,58.0,26.0,Ga,69.0,31.0,15.73759281951061
C,13.0,6.0,Fe,57.0,26.0,Ge,70.0,32.0,13.386501711102028
C,12.0,6.0,Fe,58.0,26.0,Ge,70.0,32.0,8.285640019501443
O,18.0,8.0,Fe,56.0,26.0,Se,74.0,34.0,10.84445431221684
O,17.0,8.0,Fe,57.0,26.0,Se,74.0,34.0,11.25058573980641
O,16.0,8.0,Fe,58.0,26.0,Se,74.0,34.0,5.34398165170569
O,18.0,8.0,Fe,58.0,26.0,Se,76.0,34.0,12.29851660229906
Ne,22.0,10.0,Fe,56.0,26.0,Kr,78.0,36.0,5.541458400897682
Ne,21.0,10.0,Fe,57.0,26.0,Kr,78.0,36.0,8.267010137496982
Ne,20.0,10.0,Fe,58.0,26.0,Kr,78.0,36.0,4.979767458600691
Ne,22.0,10.0,Fe,58.0,26.0,Kr,80.0,36.0,7.707182183410623
Mg,26.0,12.0,Fe,58.0,26.0,Sr,84.0,38.0,2.316625826701056
Н,1.0,1.0,Ga,69.0,31.0,Ge,70.0,32.0,8.504541132992017
Н,1.0,1.0,Ga,71.0,31.0,Ge,72.0,32.0,9.858002060311264
D,2.0,1.0,Ga,71.0,31.0,Ge,73.0,32.0,14.51454106620804
Не,4.0,2.0,Ga,71.0,31.0,As,75.0,33.0,5.461349908306147
Li,7.0,3.0,Ga,69.0,31.0,Se,76.0,34.0,20.919494497793494
Li,6.0,3.0,Ga,71.0,31.0,Se,77.0,34.0,18.659689811218414
Li,7.0,3.0,Ga,71.0,31.0,Se,78.0,34.0,21.887316867694608
B,11.0,5.0,Ga,69.0,31.0,Kr,80.0,36.0,17.32951623639383
B,11.0,5.0,Ga,71.0,31.0,Kr,82.0,36.0,19.246531094206148
N,15.0,7.0,Ga,69.0,31.0,Sr,84.0,38.0,11.56356775740278
N,15.0,7.0,Ga,71.0,31.0,Sr,86.0,38.0,14.613279440818587
O,18.0,8.0,Ga,71.0,31.0,Y,89.0,39.0,17.297845437016804
F,19.0,9.0,Ga,71.0,31.0,Zr,90.0,40.0,17.62852584250504
Ne,22.0,10.0,Ga,71.0,31.0,Nb,93.0,41.0,9.505897290509893
Na,23.0,11.0,Ga,69.0,31.0,Mo,92.0,42.0,8.537143426481634
Na,23.0,11.0,Ga,71.0,31.0,Mo,94.0,42.0,9.196641249291133
Al,27.0,13.0,Ga,71.0,31.0,Ru,98.0,44.0,0.8150573375023669
D,2.0,1.0,Gd,157.0,64.0,Tb,159.0,65.0,12.195120757212862
Н,1.0,1.0,Gd,158.0,64.0,Tb,159.0,65.0,6.497171347524272
He,3.0,2.0,Gd,155.0,64.0,Dy,158.0,66.0,13.655703505995916
He,3.0,2.0,Gd,157.0,64.0,Dy,160.0,66.0,14.102820673986571
He,3.0,2.0,Gd,158.0,64.0,Dy,161.0,66.0,12.603115172998514
Не,4.0,2.0,Gd,158.0,64.0,Dy,162.0,66.0,0.2170381252944935
He,3.0,2.0,Gd,160.0,64.0,Dy,163.0,66.0,13.76748279799358
Не,4.0,2.0,Gd,160.0,64.0,Dy,164.0,66.0,0.8318242312816437
Li,7.0,3.0,Gd,158.0,64.0,Ho,165.0,67.0,9.133299650537083
Be,9.0,4.0,Gd,155.0,64.0,Er,164.0,68.0,5.100861691578757
Be,9.0,4.0,Gd,157.0,64.0,Er,166.0,68.0,5.333735216583591
Be,9.0,4.0,Gd,158.0,64.0,Er,167.0,68.0,3.9458090075931977
D,2.0,1.0,Ge,73.0,32.0,As,75.0,33.0,14.793989296202199
Н,1.0,1.0,Ge,74.0,32.0,As,75.0,33.0,6.888398869486991
Не,4.0,2.0,Ge,70.0,32.0,Se,74.0,34.0,4.219668273013667
Не,4.0,2.0,Ge,72.0,32.0,Se,76.0,34.0,5.0822318096034
He,3.0,2.0,Ge,73.0,32.0,Se,76.0,34.0,18.77985255011299
Не,4.0,2.0,Ge,73.0,32.0,Se,77.0,34.0,5.615977928915527
He,3.0,2.0,Ge,74.0,32.0,Se,77.0,34.0,16.064547248606686
Не,4.0,2.0,Ge,74.0,32.0,Se,78.0,34.0,5.966219710491714
Не,4.0,2.0,Ge,76.0,32.0,Se,80.0,34.0,6.940562539108214
Li,7.0,3.0,Ge,72.0,32.0,Br,79.0,35.0,18.386762039895984
Li,6.0,3.0,Ge,73.0,32.0,Br,79.0,35.0,18.75842818581441
Li,7.0,3.0,Ge,74.0,32.0,Br,81.0,35.0,19.385323715090635
Be,9.0,4.0,Ge,73.0,32.0,Kr,82.0,36.0,20.551554328296334
Be,9.0,4.0,Ge,74.0,32.0,Kr,83.0,36.0,17.88934419049474
B,11.0,5.0,Ge,74.0,32.0,Rb,85.0,37.0,17.460856904493994
B,11.0,5.0,Ge,76.0,32.0,Rb,87.0,37.0,20.013150738494005
C,12.0,6.0,Ge,72.0,32.0,Sr,84.0,38.0,8.109587634593481
C,13.0,6.0,Ge,73.0,32.0,Sr,86.0,38.0,16.258298021406517
C,12.0,6.0,Ge,74.0,32.0,Sr,86.0,38.0,11.07546484899649
C,13.0,6.0,Ge,74.0,32.0,Sr,87.0,38.0,14.544348877388984
C,12.0,6.0,Ge,76.0,32.0,Sr,88.0,38.0,14.671032074998948
N,15.0,7.0,Ge,74.0,32.0,Y,89.0,39.0,14.74368861480616
O,18.0,8.0,Ge,72.0,32.0,Zr,90.0,40.0,15.762743160186801
O,17.0,8.0,Ge,73.0,32.0,Zr,90.0,40.0,16.92897377340705
O,18.0,8.0,Ge,73.0,32.0,Zr,91.0,40.0,16.08690310700331
O,16.0,8.0,Ge,74.0,32.0,Zr,90.0,40.0,10.940398204489611
O,17.0,8.0,Ge,74.0,32.0,Zr,91.0,40.0,14.004082299405127
O,18.0,8.0,Ge,74.0,32.0,Zr,92.0,40.0,14.643087251999532
O,16.0,8.0,Ge,76.0,32.0,Zr,92.0,40.0,10.88450855849078
O,18.0,8.0,Ge,76.0,32.0,Zr,94.0,40.0,13.394885157991666
F,19.0,9.0,Ge,74.0,32.0,Nb,93.0,41.0,12.607772643503267
Ne,22.0,10.0,Ge,70.0,32.0,Mo,92.0,42.0,8.823112115205731
Ne,20.0,10.0,Ge,72.0,32.0,Mo,92.0,42.0,7.669922419387149
Ne,22.0,10.0,Ge,72.0,32.0,Mo,94.0,42.0,8.129149010695983
Ne,21.0,10.0,Ge,73.0,32.0,Mo,94.0,42.0,11.614799932896858
Ne,22.0,10.0,Ge,73.0,32.0,Mo,95.0,42.0,8.406734252508613
Ne,20.0,10.0,Ge,74.0,32.0,Mo,94.0,42.0,8.245585773183848
Ne,21.0,10.0,Ge,74.0,32.0,Mo,95.0,42.0,8.643333753891056
Ne,22.0,10.0,Ge,74.0,32.0,Mo,96.0,42.0,7.437980388494907
Ne,20.0,10.0,Ge,76.0,32.0,Mo,96.0,42.0,8.618183413200313
Ne,21.0,10.0,Ge,76.0,32.0,Mo,97.0,42.0,8.811002691902104
Ne,22.0,10.0,Ge,76.0,32.0,Mo,98.0,42.0,6.739359813494957
Mg,25.0,12.0,Ge,73.0,32.0,Ru,98.0,44.0,3.446528170010424
Mg,24.0,12.0,Ge,74.0,32.0,Ru,98.0,44.0,0.6473883994913194
Mg,25.0,12.0,Ge,74.0,32.0,Ru,99.0,44.0,0.8476596309919842
Mg,26.0,12.0,Ge,74.0,32.0,Ru,100.0,44.0,0.6716072460985743
Mg,24.0,12.0,Ge,76.0,32.0,Ru,100.0,44.0,3.153107528502005
Mg,25.0,12.0,Ge,76.0,32.0,Ru,101.0,44.0,2.8690018280030927
Mg,26.0,12.0,Ge,76.0,32.0,Ru,102.0,44.0,0.21517513708386105
D,2.0,1.0,Hf,178.0,72.0,Ta,180.0,73.0,9.735976333235158
Н,1.0,1.0,Hf,179.0,72.0,Ta,180.0,73.0,5.891700182517525
D,2.0,1.0,Hf,179.0,72.0,Ta,181.0,73.0,11.310201362211956
Н,1.0,1.0,Hf,180.0,72.0,Ta,181.0,73.0,6.1990932355111
He,3.0,2.0,Hf,177.0,72.0,W,180.0,74.0,11.671621072979178
He,3.0,2.0,Hf,179.0,72.0,W,182.0,74.0,12.835988698003348
He,3.0,2.0,Hf,180.0,72.0,W,183.0,74.0,11.690250954998191
Li,7.0,3.0,Hf,178.0,72.0,Re,185.0,75.0,6.385392055526609
Li,6.0,3.0,Hf,179.0,72.0,Re,185.0,75.0,7.569321056595072
Li,7.0,3.0,Hf,180.0,72.0,Re,187.0,75.0,6.385392055526609
Be,9.0,4.0,Hf,177.0,72.0,Os,186.0,76.0,1.6077588165935595
Be,9.0,4.0,Hf,178.0,72.0,Os,187.0,76.0,0.08942343361559324
Be,9.0,4.0,Hf,179.0,72.0,Os,188.0,76.0,2.08282080758363
Be,9.0,4.0,Hf,180.0,72.0,Os,189.0,76.0,0.6948945986223407
D,2.0,1.0,Hg,201.0,80.0,Tl,203.0,81.0,11.258037692605285
Н,1.0,1.0,Hg,202.0,80.0,Tl,203.0,81.0,5.704469868389424
Н,1.0,1.0,Hg,204.0,80.0,Tl,205.0,81.0,6.376077114487998
He,3.0,2.0,Hg,201.0,80.0,Pb,204.0,82.0,12.366515671572415
He,3.0,2.0,Hg,204.0,80.0,Pb,207.0,82.0,12.681360677379416
Li,7.0,3.0,Hg,202.0,80.0,Bi,209.0,83.0,5.792030313808937
Н,1.0,1.0,Ho,165.0,67.0,Er,166.0,68.0,7.195791922480566
D,2.0,1.0,Ho,165.0,67.0,Er,167.0,68.0,11.505815123178763
Li,6.0,3.0,Ho,165.0,67.0,Yb,171.0,70.0,8.333146218588809
Li,7.0,3.0,Ho,165.0,67.0,Yb,172.0,70.0,9.077410004509147
Н,1.0,1.0,I,127.0,53.0,Xe,128.0,54.0,8.047177529908367
D,2.0,1.0,I,127.0,53.0,Xe,129.0,54.0,12.733524347000639
Li,7.0,3.0,I,127.0,53.0,Ba,134.0,56.0,14.947685822698986
B,11.0,5.0,I,127.0,53.0,Ce,138.0,58.0,7.393268671701662
Н,1.0,1.0,In,113.0,49.0,Sn,114.0,50.0,5.724031244506477
D,2.0,1.0,In,113.0,49.0,Sn,115.0,50.0,13.834550373197999
Н,1.0,1.0,In,115.0,49.0,Sn,116.0,50.0,9.114669768503518
D,2.0,1.0,In,115.0,49.0,Sn,117.0,50.0,14.07673883921234
Li,7.0,3.0,In,113.0,49.0,Te,120.0,52.0,14.69431942749361
Li,7.0,3.0,In,115.0,49.0,Te,122.0,52.0,15.905261757492553
B,11.0,5.0,In,113.0,49.0,Xe,124.0,54.0,6.95360345649533
B,11.0,5.0,In,115.0,49.0,Xe,126.0,54.0,8.575334684603149
Н,1.0,1.0,Ir,191.0,77.0,Pt,192.0,78.0,6.748674754489912
Н,1.0,1.0,Ir,193.0,77.0,Pt,194.0,78.0,7.7267435595276766
D,2.0,1.0,Ir,193.0,77.0,Pt,195.0,78.0,11.701428884203779
Li,7.0,3.0,Ir,191.0,77.0,Hg,198.0,80.0,9.366173175512813
Li,6.0,3.0,Ir,193.0,77.0,Hg,199.0,80.0,9.45466511498671
Li,7.0,3.0,Ir,193.0,77.0,Hg,200.0,80.0,10.191476948122727
Н,1.0,1.0,K,39.0,19.0,Ca,40.0,20.0,8.336872195002798
D,2.0,1.0,K,40.0,19.0,Ca,42.0,20.0,18.147368056197593
Н,1.0,1.0,K,41.0,19.0,Ca,42.0,20.0,10.276242911204463
D,2.0,1.0,K,41.0,19.0,Ca,43.0,20.0,15.981644273699203
Не,4.0,2.0,K,41.0,19.0,Sc,45.0,21.0,7.935398237896152
Li,7.0,3.0,K,39.0,19.0,Ti,46.0,22.0,25.230449192597007
Li,6.0,3.0,K,40.0,19.0,Ti,46.0,22.0,24.685525144093845
Li,7.0,3.0,K,40.0,19.0,Ti,47.0,22.0,26.319365795498015
Li,6.0,3.0,K,41.0,19.0,Ti,47.0,22.0,23.476445802305534
Li,7.0,3.0,K,41.0,19.0,Ti,48.0,22.0,27.844221637198643
Be,9.0,4.0,K,41.0,19.0,V,50.0,23.0,25.01620554960391
B,11.0,5.0,K,39.0,19.0,Cr,50.0,24.0,25.1205328888027
B,10.0,5.0,K,40.0,19.0,Cr,50.0,24.0,28.77944171359559
B,11.0,5.0,K,41.0,19.0,Cr,52.0,24.0,28.527938306600845
N,15.0,7.0,K,39.0,19.0,Fe,54.0,26.0,22.543088714097394
N,14.0,7.0,K,40.0,19.0,Fe,54.0,26.0,25.73625048888789
N,15.0,7.0,K,41.0,19.0,Fe,56.0,26.0,25.160587135098467
O,18.0,8.0,K,41.0,19.0,Co,59.0,27.0,25.9001934504995
F,19.0,9.0,K,39.0,19.0,Ni,58.0,28.0,24.942617515705933
F,19.0,9.0,K,41.0,19.0,Ni,60.0,28.0,27.439021703699837
Ne,22.0,10.0,K,41.0,19.0,Cu,63.0,29.0,22.006548112505698
Na,23.0,11.0,K,41.0,19.0,Zn,64.0,30.0,20.924151968298247
Cl,37.0,17.0,K,41.0,19.0,Kr,78.0,36.0,6.858591058306047
D,2.0,1.0,Kr,83.0,36.0,Rb,85.0,37.0,15.39107701429748
Н,1.0,1.0,Kr,84.0,36.0,Rb,85.0,37.0,7.09705354788457
Н,1.0,1.0,Kr,86.0,36.0,Rb,87.0,37.0,8.627498354195268
Не,4.0,2.0,Kr,80.0,36.0,Sr,84.0,38.0,5.225681901007192
Не,4.0,2.0,Kr,82.0,36.0,Sr,86.0,38.0,6.358378726610681
He,3.0,2.0,Kr,83.0,36.0,Sr,86.0,38.0,19.469158184103435
Не,4.0,2.0,Kr,83.0,36.0,Sr,87.0,38.0,7.306639720394742
He,3.0,2.0,Kr,84.0,36.0,Sr,87.0,38.0,17.3667760003882
Не,4.0,2.0,Kr,84.0,36.0,Sr,88.0,38.0,7.91490536769561
Не,4.0,2.0,Kr,86.0,36.0,Sr*,90.0,38.0,5.486500249011442
Li,7.0,3.0,Kr,82.0,36.0,Y,89.0,39.0,22.409885057801148
Li,6.0,3.0,Kr,83.0,36.0,Y,89.0,39.0,22.194709920702735
Be,9.0,4.0,Kr,82.0,36.0,Zr,91.0,40.0,19.020178027902148
Be,9.0,4.0,Kr,83.0,36.0,Zr,92.0,40.0,20.238572310685413
B,11.0,5.0,Kr,82.0,36.0,Nb,93.0,41.0,15.619293068812112
B,10.0,5.0,Kr,83.0,36.0,Nb,93.0,41.0,19.607950805002474
C,12.0,6.0,Kr,80.0,36.0,Mo,92.0,42.0,9.401569951296551
C,12.0,6.0,Kr,82.0,36.0,Mo,94.0,42.0,8.144052916293731
C,13.0,6.0,Kr,82.0,36.0,Mo,95.0,42.0,10.355419909697957
C,12.0,6.0,Kr,83.0,36.0,Mo,95.0,42.0,7.834796875089523
C,13.0,6.0,Kr,83.0,36.0,Mo,96.0,42.0,12.048876183500397
C,12.0,6.0,Kr,84.0,36.0,Mo,96.0,42.0,6.477609971392667
C,13.0,6.0,Kr,84.0,36.0,Mo,97.0,42.0,8.484048262791475
C,12.0,6.0,Kr,86.0,36.0,Mo,98.0,42.0,4.757140368688852
O,18.0,8.0,Kr,78.0,36.0,Ru,96.0,44.0,11.110861624809331
O,16.0,8.0,Kr,80.0,36.0,Ru,96.0,44.0,3.4446651817997918
O,18.0,8.0,Kr,80.0,36.0,Ru,98.0,44.0,9.354995246292674
O,16.0,8.0,Kr,82.0,36.0,Ru,98.0,44.0,2.6994699017959647
O,17.0,8.0,Kr,82.0,36.0,Ru,99.0,44.0,6.089176931709517
O,18.0,8.0,Kr,82.0,36.0,Ru,100.0,44.0,8.963767724300851
O,16.0,8.0,Kr,83.0,36.0,Ru,99.0,44.0,2.7628115005936706
O,17.0,8.0,Kr,83.0,36.0,Ru,100.0,44.0,9.543157054504263
O,18.0,8.0,Kr,83.0,36.0,Ru,101.0,44.0,8.542732391084428
O,16.0,8.0,Kr,84.0,36.0,Ru,100.0,44.0,3.166148445889121
O,17.0,8.0,Kr,84.0,36.0,Ru,101.0,44.0,6.071478543788544
O,18.0,8.0,Kr,84.0,36.0,Ru,102.0,44.0,6.468295030368608
O,16.0,8.0,Kr,86.0,36.0,Ru,102.0,44.0,1.6878673091850942
O,18.0,8.0,Kr,86.0,36.0,Ru,104.0,44.0,3.9560554427152965
F,19.0,9.0,Kr,84.0,36.0,Rh,103.0,45.0,4.759003356899484
Ne,22.0,10.0,Kr,80.0,36.0,Pd,102.0,46.0,2.63426531481673
Ne,20.0,10.0,Kr,82.0,36.0,Pd,102.0,46.0,0.9175216885050759
Ne,22.0,10.0,Kr,82.0,36.0,Pd,104.0,46.0,1.218394282812369
Ne,21.0,10.0,Kr,83.0,36.0,Pd,104.0,46.0,4.117203921996406
Ne,22.0,10.0,Kr,83.0,36.0,Pd,105.0,46.0,0.8159888316004071
Ne,20.0,10.0,Kr,84.0,36.0,Pd,104.0,46.0,0.35955672258569393
Ne,21.0,10.0,Kr,84.0,36.0,Pd,105.0,46.0,0.6641552932851482
D,2.0,1.0,La,138.0,57.0,Ce,140.0,58.0,14.058108957207878
Н,1.0,1.0,La,139.0,57.0,Ce,140.0,58.0,7.5124999164982
He,3.0,2.0,La,138.0,57.0,Pr,141.0,59.0,14.39158384501934
Li,6.0,3.0,La,138.0,57.0,Nd,144.0,60.0,11.21146298761596
Li,7.0,3.0,La,138.0,57.0,Nd,145.0,60.0,9.925069635530235
Li,6.0,3.0,La,139.0,57.0,Nd,145.0,60.0,8.407665746606654
Li,7.0,3.0,La,139.0,57.0,Nd,146.0,60.0,8.73275718750665
B,10.0,5.0,La,138.0,57.0,Sm,148.0,62.0,4.833522884902777
B,10.0,5.0,La,139.0,57.0,Sm,149.0,62.0,1.927261292905314
D,2.0,1.0,Li,7.0,3.0,Be,9.0,4.0,16.69330576610082
Не,4.0,2.0,Li,6.0,3.0,B,10.0,5.0,4.461856739002542
He,3.0,2.0,Li,7.0,3.0,B,10.0,5.0,17.787811333600985
Не,4.0,2.0,Li,7.0,3.0,B,11.0,5.0,8.665689612300412
Li,6.0,3.0,Li,6.0,3.0,C,12.0,6.0,28.17955951320073
Li,6.0,3.0,Li,7.0,3.0,C,13.0,6.0,25.874111615699803
Н,1.0,1.0,Lu,175.0,71.0,Hf,176.0,72.0,6.581005816493416
D,2.0,1.0,Lu,175.0,71.0,Hf,177.0,72.0,10.723360079224221
Н,1.0,1.0,Lu,176.0,71.0,Hf,177.0,72.0,6.599635698512429
D,2.0,1.0,Lu,176.0,71.0,Hf,178.0,72.0,12.083341465186095
Li,7.0,3.0,Lu,175.0,71.0,W,182.0,74.0,8.034136612521252
Li,6.0,3.0,Lu,176.0,71.0,W,182.0,74.0,8.938617383595556
Li,7.0,3.0,Lu,176.0,71.0,W,183.0,74.0,7.875782615505159
Be,9.0,4.0,Lu,176.0,71.0,Re,185.0,75.0,1.775427754590055
B,10.0,5.0,Lu,176.0,71.0,Os,186.0,76.0,1.6198682399117388
D,2.0,1.0,Mg,25.0,12.0,Al,27.0,13.0,17.146011898701545
Н,1.0,1.0,Mg,26.0,12.0,Al,27.0,13.0,8.272599102099775
Не,4.0,2.0,Mg,24.0,12.0,Si,28.0,14.0,9.986548246099119
He,3.0,2.0,Mg,25.0,12.0,Si,28.0,14.0,23.23425733629847
Не,4.0,2.0,Mg,25.0,12.0,Si,29.0,14.0,11.133217483198678
He,3.0,2.0,Mg,26.0,12.0,Si,29.0,14.0,20.613964432999637
Не,4.0,2.0,Mg,26.0,12.0,Si,30.0,14.0,10.649772045300779
Li,7.0,3.0,Mg,24.0,12.0,P,31.0,15.0,25.417679506699642
Li,6.0,3.0,Mg,25.0,12.0,P,31.0,15.0,25.339434002296912
Be,9.0,4.0,Mg,24.0,12.0,S,33.0,16.0,24.004602957000316
Be,9.0,4.0,Mg,25.0,12.0,S,34.0,16.0,28.094793550098984
B,11.0,5.0,Mg,24.0,12.0,Cl,35.0,17.0,23.74844207950082
B,10.0,5.0,Mg,25.0,12.0,Cl,35.0,17.0,27.874029448401416
B,11.0,5.0,Mg,26.0,12.0,Cl,37.0,17.0,24.218846599993412
C,12.0,6.0,Mg,24.0,12.0,Ar,36.0,18.0,16.298352267702285
C,13.0,6.0,Mg,25.0,12.0,Ar,38.0,18.0,24.655717332898348
C,12.0,6.0,Mg,26.0,12.0,Ar,38.0,18.0,18.505061790601758
N,15.0,7.0,Mg,24.0,12.0,K,39.0,19.0,19.970302009904117
N,14.0,7.0,Mg,25.0,12.0,K,39.0,19.0,23.63014232880232
N,15.0,7.0,Mg,25.0,12.0,K,40.0,19.0,20.43698055400455
N,14.0,7.0,Mg,26.0,12.0,K,40.0,19.0,20.329858732504363
N,15.0,7.0,Mg,26.0,12.0,K,41.0,19.0,19.434692902403185
O,16.0,8.0,Mg,24.0,12.0,Ca,40.0,20.0,16.180984011101827
O,18.0,8.0,Mg,24.0,12.0,Ca,42.0,20.0,23.82482459570747
O,17.0,8.0,Mg,25.0,12.0,Ca,42.0,20.0,24.541143558606564
O,18.0,8.0,Mg,25.0,12.0,Ca,43.0,20.0,24.42377530199883
O,16.0,8.0,Mg,26.0,12.0,Ca,42.0,20.0,17.58474561980256
O,17.0,8.0,Mg,26.0,12.0,Ca,43.0,20.0,21.373132124499534
O,18.0,8.0,Mg,26.0,12.0,Ca,44.0,20.0,24.461966560105793
F,19.0,9.0,Mg,26.0,12.0,Sc,45.0,21.0,23.3590775456978
Ne,22.0,10.0,Mg,24.0,12.0,Ti,46.0,22.0,22.16676509770332
Ne,21.0,10.0,Mg,25.0,12.0,Ti,46.0,22.0,25.20250436959759
Ne,22.0,10.0,Mg,25.0,12.0,Ti,47.0,22.0,23.72236024470476
Ne,20.0,10.0,Mg,26.0,12.0,Ti,46.0,22.0,20.86546783999802
Ne,21.0,10.0,Mg,26.0,12.0,Ti,47.0,22.0,22.99113737620064
Ne,22.0,10.0,Mg,26.0,12.0,Ti,48.0,22.0,24.244928434804024
Mg,25.0,12.0,Mg,25.0,12.0,Cr,50.0,24.0,23.87326228890015
Mg,24.0,12.0,Mg,26.0,12.0,Cr,50.0,24.0,20.10630014850176
Mg,26.0,12.0,Mg,26.0,12.0,Cr,52.0,24.0,22.978096458798973
Н,1.0,1.0,Mn,55.0,25.0,Fe,56.0,26.0,10.197065912696416
D,2.0,1.0,Mn,55.0,25.0,Fe,57.0,26.0,15.613704104194767
Не,4.0,2.0,Mn,55.0,25.0,Co,59.0,27.0,6.955466444698686
Li,6.0,3.0,Mn,55.0,25.0,Ni,61.0,28.0,20.614895927101315
Li,7.0,3.0,Mn,55.0,25.0,Ni,62.0,28.0,23.95243928740092
B,11.0,5.0,Mn,55.0,25.0,Zn,66.0,30.0,19.85107076510758
N,15.0,7.0,Mn,55.0,25.0,Ge,70.0,32.0,12.840646168500825
F,19.0,9.0,Mn,55.0,25.0,Se,74.0,34.0,13.04930084690568
Na,23.0,11.0,Mn,55.0,25.0,Kr,78.0,36.0,6.948014491907088
Не,4.0,2.0,Mo,92.0,42.0,Ru,96.0,44.0,1.204421871312661
Не,4.0,2.0,Mo,94.0,42.0,Ru,98.0,44.0,1.7167436263116542
He,3.0,2.0,Mo,95.0,42.0,Ru,98.0,44.0,15.136779125008616
Не,4.0,2.0,Mo,95.0,42.0,Ru,99.0,44.0,2.0893412663135678
He,3.0,2.0,Mo,96.0,42.0,Ru,99.0,44.0,13.506664450003882
Не,4.0,2.0,Mo,96.0,42.0,Ru,100.0,44.0,3.8498651153058745
He,3.0,2.0,Mo,97.0,42.0,Ru,100.0,44.0,17.474829316008254
Не,4.0,2.0,Mo,97.0,42.0,Ru,101.0,44.0,3.943014525299077
He,3.0,2.0,Mo,98.0,42.0,Ru,101.0,44.0,16.22662722201494
Не,4.0,2.0,Mo,98.0,42.0,Ru,102.0,44.0,4.092053581305663
Не,4.0,2.0,Mo,100.0,42.0,Ru,104.0,44.0,4.324927106325049
Li,7.0,3.0,Mo,96.0,42.0,Rh,103.0,45.0,14.675689545503701
Li,6.0,3.0,Mo,97.0,42.0,Rh,103.0,45.0,14.974699151614914
Be,9.0,4.0,Mo,95.0,42.0,Pd,104.0,46.0,13.36321435860009
Be,9.0,4.0,Mo,96.0,42.0,Pd,105.0,46.0,11.267352633585688
Be,9.0,4.0,Mo,97.0,42.0,Pd,106.0,46.0,13.726497057592496
B,11.0,5.0,Mo,96.0,42.0,Ag,107.0,47.0,8.276325078491936
B,10.0,5.0,Mo,97.0,42.0,Ag,107.0,47.0,12.779167557891924
B,11.0,5.0,Mo,98.0,42.0,Ag,109.0,47.0,9.422062821511645
C,13.0,6.0,Mo,95.0,42.0,Cd,108.0,48.0,4.726401063409867
C,12.0,6.0,Mo,96.0,42.0,Cd,108.0,48.0,0.5123217549989931
C,13.0,6.0,Mo,97.0,42.0,Cd,110.0,48.0,5.7137848093989305
C,12.0,6.0,Mo,98.0,42.0,Cd,110.0,48.0,2.365995014013606
C,13.0,6.0,Mo,98.0,42.0,Cd,111.0,48.0,4.055725311409333
C,12.0,6.0,Mo,100.0,42.0,Cd,112.0,48.0,4.405967093014624
C,13.0,6.0,Mo,100.0,42.0,Cd,113.0,48.0,5.881453747409978
N,15.0,7.0,Mo,98.0,42.0,In,113.0,49.0,1.246339105811785
N,15.0,7.0,Mo,100.0,42.0,In,115.0,49.0,3.360830712801544
O,18.0,8.0,Mo,97.0,42.0,Sn,115.0,50.0,1.2854618579876842
O,17.0,8.0,Mo,98.0,42.0,Sn,115.0,50.0,1.0376844274142059
O,18.0,8.0,Mo,98.0,42.0,Sn,116.0,50.0,2.3846248960035155
O,16.0,8.0,Mo,100.0,42.0,Sn,116.0,50.0,0.3493102875072509
O,17.0,8.0,Mo,100.0,42.0,Sn,117.0,50.0,3.3943645004183054
O,18.0,8.0,Mo,100.0,42.0,Sn,118.0,50.0,4.6015808539959835
D,2.0,1.0,N,14.0,7.0,O,16.0,8.0,20.892481168899394
Н,1.0,1.0,N,15.0,7.0,O,16.0,8.0,12.12619019379963
D,2.0,1.0,N,15.0,7.0,O,17.0,8.0,14.043205051599216
Не,4.0,2.0,N,15.0,7.0,F,19.0,9.0,4.011013594597898
Li,6.0,3.0,N,14.0,7.0,Ne,20.0,10.0,24.149916036603827
Li,7.0,3.0,N,14.0,7.0,Ne,21.0,10.0,23.658087151801737
Li,6.0,3.0,N,15.0,7.0,Ne,21.0,10.0,19.920001328500803
Li,7.0,3.0,N,15.0,7.0,Ne,22.0,10.0,23.033986104801443
Be,9.0,4.0,N,14.0,7.0,Na,23.0,11.0,23.89748113550013
B,10.0,5.0,N,14.0,7.0,Mg,24.0,12.0,29.00300029759819
B,11.0,5.0,N,14.0,7.0,Mg,25.0,12.0,24.877412928697595
B,10.0,5.0,N,15.0,7.0,Mg,25.0,12.0,25.343159978699987
B,11.0,5.0,N,15.0,7.0,Mg,26.0,12.0,24.98453475020142
C,13.0,6.0,N,14.0,7.0,Al,27.0,13.0,23.344173640100053
C,12.0,6.0,N,15.0,7.0,Al,27.0,13.0,17.30063991930001
N,14.0,7.0,N,14.0,7.0,Si,28.0,14.0,27.532171113700315
N,14.0,7.0,N,15.0,7.0,Si,29.0,14.0,25.01900003190167
N,15.0,7.0,N,15.0,7.0,Si,30.0,14.0,24.642676415503956
Н,1.0,1.0,Na,23.0,11.0,Mg,24.0,12.0,11.69304543729595
D,2.0,1.0,Na,23.0,11.0,Mg,25.0,12.0,16.79949609349933
Не,4.0,2.0,Na,23.0,11.0,Al,27.0,13.0,10.098327538096783
Li,6.0,3.0,Na,23.0,11.0,Si,29.0,14.0,26.46188439279649
Li,7.0,3.0,Na,23.0,11.0,Si,30.0,14.0,29.823646599699714
B,10.0,5.0,Na,23.0,11.0,S,33.0,16.0,29.110122119098378
B,11.0,5.0,Na,23.0,11.0,S,34.0,16.0,29.07472534329645
C,12.0,6.0,Na,23.0,11.0,Cl,35.0,17.0,19.484993583799223
N,15.0,7.0,Na,23.0,11.0,Ar,38.0,18.0,25.29565377959807
O,16.0,8.0,Na,23.0,11.0,K,39.0,19.0,19.537157253398618
O,17.0,8.0,Na,23.0,11.0,K,40.0,19.0,23.193271595904662
O,18.0,8.0,Na,23.0,11.0,K,41.0,19.0,25.241627121795318
F,19.0,9.0,Na,23.0,11.0,Ca,42.0,20.0,27.525650655006757
Ne,22.0,10.0,Na,23.0,11.0,Sc,45.0,21.0,23.50997958989319
Na,23.0,11.0,Na,23.0,11.0,Ti,46.0,22.0,25.06930071329407
Н,1.0,1.0,Nb,93.0,41.0,Mo,94.0,42.0,8.481253780482803
D,2.0,1.0,Nb,93.0,41.0,Mo,95.0,42.0,13.415378028192208
Li,6.0,3.0,Nb,93.0,41.0,Ru,99.0,44.0,14.033890110600623
Li,7.0,3.0,Nb,93.0,41.0,Ru,100.0,44.0,17.703045370493783
B,11.0,5.0,Nb,93.0,41.0,Pd,104.0,46.0,10.959028086494072
N,15.0,7.0,Nb,93.0,41.0,Cd,108.0,48.0,1.9822194448061055
He,3.0,2.0,Nd,144.0,60.0,Sm,147.0,62.0,10.535198270954425
He,3.0,2.0,Nd,145.0,60.0,Sm,148.0,62.0,12.696264582977165
He,3.0,2.0,Nd,146.0,60.0,Sm,149.0,62.0,10.982315439003287
Не,4.0,2.0,Nd,150.0,60.0,Sm,154.0,62.0,1.2137368123221677
Li,7.0,3.0,Nd,144.0,60.0,Eu,151.0,63.0,5.845125477469992
Li,6.0,3.0,Nd,145.0,60.0,Eu,151.0,63.0,7.131518829555716
Li,7.0,3.0,Nd,146.0,60.0,Eu,153.0,63.0,7.298256273526931
Be,9.0,4.0,Nd,143.0,60.0,Gd,152.0,64.0,2.1200805715925526
Be,9.0,4.0,Nd,145.0,60.0,Gd,154.0,64.0,3.377597606595373
Be,9.0,4.0,Nd,146.0,60.0,Gd,155.0,64.0,2.129395512602059
Be,9.0,4.0,Nd,148.0,60.0,Gd,157.0,64.0,4.402241116593359
B,11.0,5.0,Nd,148.0,60.0,Tb,159.0,65.0,0.7777975735079963
D,2.0,1.0,Ne,21.0,10.0,Na,23.0,11.0,16.93269974980285
Н,1.0,1.0,Ne,22.0,10.0,Na,23.0,11.0,8.790509821701562
Не,4.0,2.0,Ne,20.0,10.0,Mg,24.0,12.0,9.314940999996907
He,3.0,2.0,Ne,21.0,10.0,Mg,24.0,12.0,23.13272447939744
Не,4.0,2.0,Ne,21.0,10.0,Mg,25.0,12.0,9.885015389198088
He,3.0,2.0,Ne,22.0,10.0,Mg,25.0,12.0,20.09698520749953
Не,4.0,2.0,Ne,22.0,10.0,Mg,26.0,12.0,10.61623825769857
Li,7.0,3.0,Ne,20.0,10.0,Al,27.0,13.0,25.068369219199667
Li,6.0,3.0,Ne,21.0,10.0,Al,27.0,13.0,25.56019810399812
Be,9.0,4.0,Ne,20.0,10.0,Si,29.0,14.0,26.209449491696432
Be,9.0,4.0,Ne,21.0,10.0,Si,30.0,14.0,30.063040583401744
B,11.0,5.0,Ne,20.0,10.0,P,31.0,15.0,26.066930894394318
B,10.0,5.0,Ne,21.0,10.0,P,31.0,15.0,30.762592652496096
C,12.0,6.0,Ne,20.0,10.0,S,32.0,16.0,18.97267182880387
C,13.0,6.0,Ne,20.0,10.0,S,33.0,16.0,22.667908923500363
C,12.0,6.0,Ne,21.0,10.0,S,33.0,16.0,20.854289910799707
C,13.0,6.0,Ne,21.0,10.0,S,34.0,16.0,27.328173905796575
C,12.0,6.0,Ne,22.0,10.0,S,34.0,16.0,21.908741231996828
N,15.0,7.0,Ne,20.0,10.0,Cl,35.0,17.0,22.071752699503122
N,14.0,7.0,Ne,21.0,10.0,Cl,35.0,17.0,26.30166740760251
N,15.0,7.0,Ne,22.0,10.0,Cl,37.0,17.0,23.843454477697378
O,16.0,8.0,Ne,20.0,10.0,Ar,36.0,18.0,18.451966626897047
O,18.0,8.0,Ne,20.0,10.0,Ar,38.0,18.0,26.898755125701427
O,17.0,8.0,Ne,21.0,10.0,Ar,38.0,18.0,28.185148477801704
O,16.0,8.0,Ne,22.0,10.0,Ar,38.0,18.0,21.95997340750182
O,18.0,8.0,Ne,22.0,10.0,Ar,40.0,18.0,26.23180535010033
F,19.0,9.0,Ne,20.0,10.0,K,39.0,19.0,25.274229415299487
F,19.0,9.0,Ne,21.0,10.0,K,40.0,19.0,26.3109823486011
F,19.0,9.0,Ne,22.0,10.0,K,41.0,19.0,26.039917565503856
Ne,20.0,10.0,Ne,20.0,10.0,Ca,40.0,20.0,20.767660959500063
Ne,21.0,10.0,Ne,21.0,10.0,Ca,42.0,20.0,27.07853348700155
Ne,20.0,10.0,Ne,22.0,10.0,Ca,42.0,20.0,23.472719825906097
Ne,21.0,10.0,Ne,22.0,10.0,Ca,43.0,20.0,24.64174492139864
Ne,22.0,10.0,Ne,22.0,10.0,Ca,44.0,20.0,25.411159048002446
D,2.0,1.0,Ni,61.0,28.0,Cu,63.0,29.0,14.490322219600785
Н,1.0,1.0,Ni,62.0,28.0,Cu,63.0,29.0,6.124573707500531
Н,1.0,1.0,Ni,64.0,28.0,Cu,65.0,29.0,7.450089811798534
Не,4.0,2.0,Ni,60.0,28.0,Zn,64.0,30.0,3.950466478097951
He,3.0,2.0,Ni,61.0,28.0,Zn,64.0,30.0,16.705415189397172
Не,4.0,2.0,Ni,62.0,28.0,Zn,66.0,30.0,4.564321090001613
He,3.0,2.0,Ni,64.0,28.0,Zn,67.0,30.0,15.686360643994703
Не,4.0,2.0,Ni,64.0,28.0,Zn,68.0,30.0,5.306721887696767
Li,7.0,3.0,Ni,62.0,28.0,Ga,69.0,31.0,17.389131858799374
Li,7.0,3.0,Ni,64.0,28.0,Ga,71.0,31.0,17.813893168393406
Be,9.0,4.0,Ni,61.0,28.0,Ge,70.0,32.0,17.5661157377981
Be,9.0,4.0,Ni,64.0,28.0,Ge,73.0,32.0,15.635128468493349
B,11.0,5.0,Ni,64.0,28.0,As,75.0,33.0,14.60955346438277
C,13.0,6.0,Ni,61.0,28.0,Se,74.0,34.0,11.134148977303994
C,12.0,6.0,Ni,62.0,28.0,Se,74.0,34.0,5.491157719501643
C,12.0,6.0,Ni,64.0,28.0,Se,76.0,34.0,8.131943493004655
C,13.0,6.0,Ni,64.0,28.0,Se,77.0,34.0,10.599471363908378
N,15.0,7.0,Ni,64.0,28.0,Br,79.0,35.0,9.053191157901892
O,18.0,8.0,Ni,60.0,28.0,Kr,78.0,36.0,8.919056007493054
O,17.0,8.0,Ni,61.0,28.0,Kr,78.0,36.0,9.142614591502934
O,16.0,8.0,Ni,62.0,28.0,Kr,78.0,36.0,2.693880937193171
O,18.0,8.0,Ni,62.0,28.0,Kr,80.0,36.0,10.360077380188159
O,16.0,8.0,Ni,64.0,28.0,Kr,80.0,36.0,6.046328203097801
O,18.0,8.0,Ni,64.0,28.0,Kr,82.0,36.0,12.70185354759451
Ne,22.0,10.0,Ni,62.0,28.0,Sr,84.0,38.0,5.9187135114043485
Ne,20.0,10.0,Ni,64.0,28.0,Sr,84.0,38.0,6.543746052499046
Ne,22.0,10.0,Ni,64.0,28.0,Sr,86.0,38.0,9.393186504399637
Mg,26.0,12.0,Ni,64.0,28.0,Zr,90.0,40.0,5.803208242999972
D,2.0,1.0,O,17.0,8.0,F,19.0,9.0,13.814988997099135
Н,1.0,1.0,O,18.0,8.0,F,19.0,9.0,7.992219377996662
Не,4.0,2.0,O,16.0,8.0,Ne,20.0,10.0,4.728264051602309
He,3.0,2.0,O,17.0,8.0,Ne,20.0,10.0,21.165408940203633
Не,4.0,2.0,O,17.0,8.0,Ne,21.0,10.0,7.347625460803101
He,3.0,2.0,O,18.0,8.0,Ne,21.0,10.0,19.87901558809972
Не,4.0,2.0,O,18.0,8.0,Ne,22.0,10.0,9.667045769798278
Li,7.0,3.0,O,16.0,8.0,Na,23.0,11.0,19.698305732701556
Li,6.0,3.0,O,17.0,8.0,Na,23.0,11.0,22.809496026704437
Be,9.0,4.0,O,16.0,8.0,Mg,25.0,12.0,19.804496060100064
Be,9.0,4.0,O,17.0,8.0,Mg,26.0,12.0,26.76089399890043
B,11.0,5.0,O,16.0,8.0,Al,27.0,13.0,21.130943658499746
B,10.0,5.0,O,17.0,8.0,Al,27.0,13.0,28.445966825802316
C,12.0,6.0,O,16.0,8.0,Si,28.0,14.0,16.755715870800486
C,13.0,6.0,O,16.0,8.0,Si,29.0,14.0,20.286078509801882
C,12.0,6.0,O,17.0,8.0,Si,29.0,14.0,21.09182090630202
C,13.0,6.0,O,17.0,8.0,Si,30.0,14.0,26.759031010704348
C,12.0,6.0,O,18.0,8.0,Si,30.0,14.0,23.659018645899778
N,15.0,7.0,O,16.0,8.0,P,31.0,15.0,19.803564566002024
N,14.0,7.0,O,17.0,8.0,P,31.0,15.0,26.652840683298564
O,16.0,8.0,O,16.0,8.0,S,32.0,16.0,16.539609239604033
O,16.0,8.0,O,17.0,8.0,S,33.0,16.0,21.040588730804302
O,17.0,8.0,O,17.0,8.0,S,34.0,16.0,28.320215122301306
O,16.0,8.0,O,18.0,8.0,S,34.0,16.0,24.414460361000238
D,2.0,1.0,Os,189.0,76.0,Ir,191.0,77.0,10.714045138185611
Н,1.0,1.0,Os,190.0,76.0,Ir,191.0,77.0,5.193079607473919
Н,1.0,1.0,Os,192.0,76.0,Ir,193.0,77.0,5.547047365485923
He,3.0,2.0,Os,187.0,76.0,Pt,190.0,78.0,11.21518896400812
He,3.0,2.0,Os,189.0,76.0,Pt,192.0,78.0,11.969699184963247
He,3.0,2.0,Os,192.0,76.0,Pt,195.0,78.0,11.755455541977426
Li,7.0,3.0,Os,190.0,76.0,Au,197.0,79.0,7.501321987278061
Be,9.0,4.0,Os,187.0,76.0,Hg,196.0,80.0,2.1647922883857973
Be,9.0,4.0,Os,189.0,76.0,Hg,198.0,80.0,3.3869125475757755
Be,9.0,4.0,Os,190.0,76.0,Hg,199.0,80.0,2.356680072960444
Be,9.0,4.0,Os,192.0,76.0,Hg,201.0,80.0,3.056232142087538
Н,1.0,1.0,P,31.0,15.0,S,32.0,16.0,8.862234867403458
D,2.0,1.0,P,31.0,15.0,S,33.0,16.0,15.280229216405132
Не,4.0,2.0,P,31.0,15.0,Cl,35.0,17.0,6.996452185103408
Li,7.0,3.0,P,31.0,15.0,Ar,38.0,18.0,25.19039494630124
Be,9.0,4.0,P,31.0,15.0,K,40.0,19.0,20.43791204810259
B,11.0,5.0,P,31.0,15.0,Ca,42.0,20.0,22.765715804001957
N,15.0,7.0,P,31.0,15.0,Ti,46.0,22.0,19.783071695797844
F,19.0,9.0,P,31.0,15.0,Cr,50.0,24.0,24.32783140970423
Na,23.0,11.0,P,31.0,15.0,Fe,54.0,26.0,22.27668140149035
Al,27.0,13.0,P,31.0,15.0,Ni,58.0,28.0,18.588896259600006
D,2.0,1.0,Pb,207.0,82.0,Bi,209.0,83.0,8.92650796030648
Н,1.0,1.0,Pb,208.0,82.0,Bi,209.0,83.0,3.774414093204541
D,2.0,1.0,Pd,105.0,46.0,Ag,107.0,47.0,12.828536745204474
Н,1.0,1.0,Pd,106.0,46.0,Ag,107.0,47.0,5.640196775493678
Н,1.0,1.0,Pd,108.0,46.0,Ag,109.0,47.0,6.562375934503507
Не,4.0,2.0,Pd,102.0,46.0,Cd,106.0,48.0,1.4838701012922684
Не,4.0,2.0,Pd,104.0,46.0,Cd,108.0,48.0,2.0148217383102747
He,3.0,2.0,Pd,105.0,46.0,Cd,108.0,48.0,15.52800664701499
Не,4.0,2.0,Pd,106.0,46.0,Cd,110.0,48.0,2.6389227853069315
He,3.0,2.0,Pd,108.0,46.0,Cd,111.0,48.0,14.382268904009834
Не,4.0,2.0,Pd,108.0,46.0,Cd,112.0,48.0,3.4306927703146357
He,3.0,2.0,Pd,110.0,46.0,Cd,113.0,48.0,14.829386072000489
Не,4.0,2.0,Pd,110.0,46.0,Cd,114.0,48.0,3.290968655303004
Li,7.0,3.0,Pd,106.0,46.0,In,113.0,49.0,13.902549442500458
Li,7.0,3.0,Pd,108.0,46.0,In,115.0,49.0,14.768838955496904
Be,9.0,4.0,Pd,105.0,46.0,Sn,114.0,50.0,10.121614890609635
Be,9.0,4.0,Pd,106.0,46.0,Sn,115.0,50.0,11.04379404959036
Be,9.0,4.0,Pd,108.0,46.0,Sn,117.0,50.0,12.152272028601146
Be,9.0,4.0,Pd,110.0,46.0,Sn,119.0,50.0,12.385145553591428
B,11.0,5.0,Pd,110.0,46.0,Sb,121.0,51.0,9.366173175498261
C,12.0,6.0,Pd,110.0,46.0,Te,122.0,52.0,1.3972411499853479
C,13.0,6.0,Pd,110.0,46.0,Te,123.0,52.0,3.4223093234031694
O,18.0,8.0,Pd,110.0,46.0,Xe,128.0,54.0,0.11364228019374423
Н,1.0,1.0,Pr,141.0,59.0,Nd,142.0,60.0,7.206969851686154
D,2.0,1.0,Pr,141.0,59.0,Nd,143.0,60.0,11.058697955188109
Li,6.0,3.0,Pr,141.0,59.0,Sm,147.0,62.0,7.355077413551044
Li,7.0,3.0,Pr,141.0,59.0,Sm,148.0,62.0,8.22975037348806
D,2.0,1.0,Pt,195.0,78.0,Au,197.0,79.0,11.522582017001696
Н,1.0,1.0,Pt,196.0,78.0,Au,197.0,79.0,5.825564101396594
He,3.0,2.0,Pt,195.0,78.0,Hg,198.0,80.0,13.087492104998091
He,3.0,2.0,Pt,196.0,78.0,Hg,199.0,80.0,11.88120724548935
He,3.0,2.0,Pt,198.0,78.0,Hg,201.0,80.0,12.33763935448951
Li,7.0,3.0,Pt,196.0,78.0,Tl,203.0,81.0,8.062081435520668
Li,7.0,3.0,Pt,198.0,78.0,Tl,205.0,81.0,8.45144596931641
Be,9.0,4.0,Pt,195.0,78.0,Pb,204.0,82.0,3.667292271682527
Be,9.0,4.0,Pt,198.0,78.0,Pb,207.0,82.0,3.5564444737974554
Н,1.0,1.0,Rb,85.0,37.0,Sr,86.0,38.0,9.57110187750368
D,2.0,1.0,Rb,85.0,37.0,Sr,87.0,38.0,15.762743160201353
Н,1.0,1.0,Rb,87.0,37.0,Sr,88.0,38.0,10.614375269506127
Не,4.0,2.0,Rb,85.0,37.0,Y,89.0,39.0,8.274462090310408
Li,6.0,3.0,Rb,85.0,37.0,Zr,91.0,40.0,20.10723164261435
Li,7.0,3.0,Rb,85.0,37.0,Zr,92.0,40.0,21.54080106249603
Li,7.0,3.0,Rb,87.0,37.0,Zr,94.0,40.0,17.740305134502705
B,10.0,5.0,Rb,85.0,37.0,Mo,95.0,42.0,17.632251818897203
B,11.0,5.0,Rb,85.0,37.0,Mo,96.0,42.0,15.33705035650928
B,10.0,5.0,Rb,87.0,37.0,Mo,97.0,42.0,15.247626922908239
B,11.0,5.0,Rb,87.0,37.0,Mo,98.0,42.0,12.086135947494768
N,14.0,7.0,Rb,85.0,37.0,Ru,99.0,44.0,8.264215655202861
N,15.0,7.0,Rb,85.0,37.0,Ru,100.0,44.0,8.195285091802361
N,14.0,7.0,Rb,87.0,37.0,Ru,101.0,44.0,7.733264018199407
N,15.0,7.0,Rb,87.0,37.0,Ru,102.0,44.0,5.186559148787637
O,18.0,8.0,Rb,85.0,37.0,Rh,103.0,45.0,5.654169187007938
F,19.0,9.0,Rb,85.0,37.0,Pd,104.0,46.0,6.105943825503346
F,19.0,9.0,Rb,87.0,37.0,Pd,106.0,46.0,4.084601628506789
Н,1.0,1.0,Re,185.0,75.0,Os,186.0,76.0,6.431966760515934
D,2.0,1.0,Re,185.0,75.0,Os,187.0,76.0,10.397337144211633
Н,1.0,1.0,Re,187.0,75.0,Os,188.0,76.0,7.279626391478814
D,2.0,1.0,Re,187.0,75.0,Os,189.0,76.0,11.00280830921838
Li,7.0,3.0,Re,185.0,75.0,Pt,192.0,78.0,7.0746976895025
Li,7.0,3.0,Re,187.0,75.0,Pt,194.0,78.0,8.527828485530335
Н,1.0,1.0,Rh,103.0,45.0,Pd,104.0,46.0,8.443994016488432
D,2.0,1.0,Rh,103.0,45.0,Pd,105.0,46.0,13.284968854190083
Не,4.0,2.0,Rh,103.0,45.0,Ag,107.0,47.0,2.266325145290466
Li,7.0,3.0,Rh,103.0,45.0,Cd,110.0,48.0,16.613197273487458
B,11.0,5.0,Rh,103.0,45.0,Sn,114.0,50.0,7.587019444501493
D,2.0,1.0,Ru,101.0,44.0,Rh,103.0,45.0,12.50251381022099
Н,1.0,1.0,Ru,102.0,44.0,Rh,103.0,45.0,6.2829277045239
Не,4.0,2.0,Ru,98.0,44.0,Pd,102.0,46.0,2.9463158383150585
He,3.0,2.0,Ru,99.0,44.0,Pd,102.0,46.0,15.993753697010106
Не,4.0,2.0,Ru,100.0,44.0,Pd,104.0,46.0,1.9216723283025203
He,3.0,2.0,Ru,101.0,44.0,Pd,104.0,46.0,15.453487119011697
Не,4.0,2.0,Ru,101.0,44.0,Pd,105.0,46.0,1.9403022103069816
He,3.0,2.0,Ru,102.0,44.0,Pd,105.0,46.0,14.074875851016259
Не,4.0,2.0,Ru,102.0,44.0,Pd,106.0,46.0,2.909056074320688
Не,4.0,2.0,Ru,104.0,44.0,Pd,108.0,46.0,3.9243846432946157
Li,7.0,3.0,Ru,100.0,44.0,Ag,107.0,47.0,13.092149575488293
Li,6.0,3.0,Ru,101.0,44.0,Ag,107.0,47.0,13.298009771606303
Li,7.0,3.0,Ru,102.0,44.0,Ag,109.0,47.0,13.995698852508212
Be,9.0,4.0,Ru,99.0,44.0,Cd,108.0,48.0,13.288694830596796
Be,9.0,4.0,Ru,101.0,44.0,Cd,110.0,48.0,12.42240531760035
Be,9.0,4.0,Ru,102.0,44.0,Cd,111.0,48.0,10.615306763604167
Be,9.0,4.0,Ru,104.0,44.0,Cd,113.0,48.0,12.208161674585426
B,11.0,5.0,Ru,102.0,44.0,In,113.0,49.0,8.145915904518915
B,11.0,5.0,Ru,104.0,44.0,In,115.0,49.0,10.027533986489289
C,13.0,6.0,Ru,99.0,44.0,Sn,112.0,50.0,4.186134485396906
C,13.0,6.0,Ru,101.0,44.0,Sn,114.0,50.0,1.4102820674161194
C,13.0,6.0,Ru,102.0,44.0,Sn,115.0,50.0,3.301215090410551
C,12.0,6.0,Ru,104.0,44.0,Sn,116.0,50.0,3.1857098219916224
C,13.0,6.0,Ru,104.0,44.0,Sn,117.0,50.0,5.425021638395265
O,18.0,8.0,Ru,104.0,44.0,Te,122.0,52.0,1.57422502899135
D,2.0,1.0,S,33.0,16.0,Cl,35.0,17.0,15.563403422802367
Н,1.0,1.0,S,34.0,16.0,Cl,35.0,17.0,6.3667621735039575
Не,4.0,2.0,S,32.0,16.0,Ar,36.0,18.0,6.640621438898961
He,3.0,2.0,S,33.0,16.0,Ar,36.0,18.0,18.576786836296378
Не,4.0,2.0,S,34.0,16.0,Ar,38.0,18.0,7.212558816303499
Li,7.0,3.0,S,32.0,16.0,K,39.0,19.0,22.69585374649614
Li,6.0,3.0,S,33.0,16.0,K,39.0,19.0,21.306064549295115
Li,7.0,3.0,S,33.0,16.0,K,40.0,19.0,21.850988597798278
Li,6.0,3.0,S,34.0,16.0,K,40.0,19.0,17.682552500307793
Li,7.0,3.0,S,34.0,16.0,K,41.0,19.0,20.525472493500274
Be,9.0,4.0,S,33.0,16.0,Ca,42.0,20.0,23.305050887902325
Be,9.0,4.0,S,34.0,16.0,Ca,43.0,20.0,19.813811001098657
B,11.0,5.0,S,34.0,16.0,Sc,45.0,21.0,19.795181119094195
C,13.0,6.0,S,33.0,16.0,Ti,46.0,22.0,20.662402126195957
C,12.0,6.0,S,34.0,16.0,Ti,46.0,22.0,14.188518131202727
C,13.0,6.0,S,34.0,16.0,Ti,47.0,22.0,18.127806680102367
O,18.0,8.0,S,32.0,16.0,Cr,50.0,24.0,23.457815920301073
O,17.0,8.0,S,33.0,16.0,Cr,50.0,24.0,22.862591190401872
O,16.0,8.0,S,34.0,16.0,Cr,50.0,24.0,15.58296479890123
O,18.0,8.0,S,34.0,16.0,Cr,52.0,24.0,24.69484008510335
Ne,22.0,10.0,S,32.0,16.0,Fe,54.0,26.0,22.20495635579573
Ne,21.0,10.0,S,33.0,16.0,Fe,54.0,26.0,23.929151934891706
Ne,20.0,10.0,S,34.0,16.0,Fe,54.0,26.0,19.268886952595494
Ne,22.0,10.0,S,34.0,16.0,Fe,56.0,26.0,22.652073523800937
Mg,26.0,12.0,S,32.0,16.0,Ni,58.0,28.0,17.999260494296323
Mg,25.0,12.0,S,33.0,16.0,Ni,58.0,28.0,20.454678941896418
Mg,24.0,12.0,S,34.0,16.0,Ni,58.0,28.0,16.364488348801387
Mg,26.0,12.0,S,34.0,16.0,Ni,60.0,28.0,18.325283429301635
Si,30.0,14.0,S,34.0,16.0,Zn,64.0,30.0,11.62597786209517
Н,1.0,1.0,Sb,121.0,51.0,Te,122.0,52.0,7.987561907488271
D,2.0,1.0,Sb,121.0,51.0,Te,123.0,52.0,12.735387335211271
Н,1.0,1.0,Sb,123.0,51.0,Te,124.0,52.0,8.583718131500063
D,2.0,1.0,Sb,123.0,51.0,Te,125.0,52.0,12.884426391217858
Не,4.0,2.0,Sb,123.0,51.0,I,127.0,53.0,2.2365173341095215
Li,7.0,3.0,Sb,121.0,51.0,Xe,128.0,54.0,15.106039819700527
Li,6.0,3.0,Sb,123.0,51.0,Xe,129.0,54.0,13.499212497205008
Li,7.0,3.0,Sb,123.0,51.0,Xe,130.0,54.0,15.504719294491224
B,11.0,5.0,Sb,121.0,51.0,Ba,132.0,56.0,7.39140568349103
B,11.0,5.0,Sb,123.0,51.0,Ba,134.0,56.0,8.518513544506277
Н,1.0,1.0,Sc,45.0,21.0,Ti,46.0,22.0,10.34983094510244
D,2.0,1.0,Sc,45.0,21.0,Ti,47.0,22.0,17.01187674830726
Li,7.0,3.0,Sc,45.0,21.0,Cr,52.0,24.0,29.258229680999648
B,11.0,5.0,Sc,45.0,21.0,Fe,56.0,26.0,28.216819277200557
N,15.0,7.0,Sc,45.0,21.0,Ni,60.0,28.0,23.51463706040522
O,18.0,8.0,Sc,45.0,21.0,Cu,63.0,29.0,23.738195644407824
F,19.0,9.0,Sc,45.0,21.0,Zn,64.0,30.0,23.45408994390891
D,2.0,1.0,Se,77.0,34.0,Br,79.0,35.0,14.613279440804035
Н,1.0,1.0,Se,78.0,34.0,Br,79.0,35.0,6.357447232512641
Н,1.0,1.0,Se,80.0,34.0,Br,81.0,35.0,7.445432341293781
Не,4.0,2.0,Se,74.0,34.0,Kr,78.0,36.0,4.364049858500948
Не,4.0,2.0,Se,76.0,34.0,Kr,80.0,36.0,5.075711350902566
He,3.0,2.0,Se,77.0,34.0,Kr,80.0,36.0,18.23958597210003
Не,4.0,2.0,Se,78.0,34.0,Kr,82.0,36.0,6.024903838813771
He,3.0,2.0,Se,80.0,34.0,Kr,83.0,36.0,17.149737875108258
Не,4.0,2.0,Se,80.0,34.0,Kr,84.0,36.0,7.0896015951148
Li,7.0,3.0,Se,78.0,34.0,Rb,85.0,37.0,20.16032680630451
Li,7.0,3.0,Se,80.0,34.0,Rb,87.0,37.0,21.73827781168802
Be,9.0,4.0,Se,77.0,34.0,Sr,86.0,38.0,21.293955125991488
Be,9.0,4.0,Se,78.0,34.0,Sr,87.0,38.0,19.229764200397767
B,11.0,5.0,Se,78.0,34.0,Y,89.0,39.0,19.769099284312688
C,13.0,6.0,Se,77.0,34.0,Zr,90.0,40.0,17.668580088793533
C,12.0,6.0,Se,78.0,34.0,Zr,90.0,40.0,12.135505134807318
C,13.0,6.0,Se,78.0,34.0,Zr,91.0,40.0,14.393446833215421
C,12.0,6.0,Se,80.0,34.0,Zr,92.0,40.0,11.105272660191986
N,15.0,7.0,Se,78.0,34.0,Nb,93.0,41.0,10.652566527627641
O,18.0,8.0,Se,74.0,34.0,Mo,92.0,42.0,14.270489611983066
O,16.0,8.0,Se,76.0,34.0,Mo,92.0,42.0,7.315954661389696
O,18.0,8.0,Se,76.0,34.0,Mo,94.0,42.0,12.713962970883586
O,17.0,8.0,Se,77.0,34.0,Mo,94.0,42.0,13.346447464791709
O,18.0,8.0,Se,77.0,34.0,Mo,95.0,42.0,12.45780209339864
O,16.0,8.0,Se,78.0,34.0,Mo,94.0,42.0,7.007630114298081
O,17.0,8.0,Se,78.0,34.0,Mo,95.0,42.0,10.02473950420972
O,18.0,8.0,Se,78.0,34.0,Mo,96.0,42.0,11.138806447823299
O,16.0,8.0,Se,80.0,34.0,Mo,96.0,42.0,6.405884925698047
O,17.0,8.0,Se,80.0,34.0,Mo,97.0,42.0,9.218065613604267
O,18.0,8.0,Se,80.0,34.0,Mo,98.0,42.0,9.465843044177745
Ne,22.0,10.0,Se,74.0,34.0,Ru,96.0,44.0,5.807865713504725
Ne,20.0,10.0,Se,76.0,34.0,Ru,96.0,44.0,3.79211248109641
Ne,22.0,10.0,Se,76.0,34.0,Ru,98.0,44.0,4.763660827404237
Ne,21.0,10.0,Se,77.0,34.0,Ru,98.0,44.0,7.715565630292986
Ne,22.0,10.0,Se,77.0,34.0,Ru,99.0,44.0,4.880097589892102
Ne,20.0,10.0,Se,78.0,34.0,Ru,98.0,44.0,3.996109689003788
Ne,21.0,10.0,Se,78.0,34.0,Ru,99.0,44.0,4.76645530971291
Ne,22.0,10.0,Se,78.0,34.0,Ru,100.0,44.0,5.321625793309067
Ne,20.0,10.0,Se,80.0,34.0,Ru,100.0,44.0,5.527485989397974
Ne,21.0,10.0,Se,80.0,34.0,Ru,101.0,44.0,5.813454678092967
Ne,22.0,10.0,Se,80.0,34.0,Ru,102.0,44.0,3.890850855692406
Na,23.0,11.0,Se,80.0,34.0,Rh,103.0,45.0,1.3832687385147437
Mg,25.0,12.0,Se,77.0,34.0,Pd,102.0,46.0,0.7768660793954041
D,2.0,1.0,Si,29.0,14.0,P,31.0,15.0,15.677045702999749
Н,1.0,1.0,Si,30.0,14.0,P,31.0,15.0,7.287078344295878
Не,4.0,2.0,Si,28.0,14.0,S,32.0,16.0,6.945220009602053
He,3.0,2.0,Si,29.0,14.0,S,32.0,16.0,19.046259862701845
Не,4.0,2.0,Si,29.0,14.0,S,33.0,16.0,7.11009446530079
He,3.0,2.0,Si,30.0,14.0,S,33.0,16.0,17.07428685299965
Не,4.0,2.0,Si,30.0,14.0,S,34.0,16.0,7.916768355895329
Li,7.0,3.0,Si,28.0,14.0,Cl,35.0,17.0,22.42758344570393
Li,6.0,3.0,Si,29.0,14.0,Cl,35.0,17.0,21.202668704201642
Li,7.0,3.0,Si,30.0,14.0,Cl,37.0,17.0,22.234764166991226
Be,9.0,4.0,Si,29.0,14.0,Ar,38.0,18.0,24.174134883200168
B,11.0,5.0,Si,28.0,14.0,K,39.0,19.0,20.9753841437996
B,10.0,5.0,Si,29.0,14.0,K,39.0,19.0,23.954302275597
B,11.0,5.0,Si,29.0,14.0,K,40.0,19.0,20.295393450804113
B,10.0,5.0,Si,30.0,14.0,K,40.0,19.0,21.13746411720058
B,11.0,5.0,Si,30.0,14.0,K,41.0,19.0,19.77655123709701
C,12.0,6.0,Si,28.0,14.0,Ca,40.0,20.0,13.355762405801215
C,13.0,6.0,Si,29.0,14.0,Ca,42.0,20.0,19.76351031970262
C,12.0,6.0,Si,30.0,14.0,Ca,42.0,20.0,14.096300215300289
C,13.0,6.0,Si,30.0,14.0,Ca,43.0,20.0,17.078944323497126
N,15.0,7.0,Si,30.0,14.0,Sc,45.0,21.0,16.72031909499492
O,18.0,8.0,Si,28.0,14.0,Ti,46.0,22.0,21.84726262139884
O,17.0,8.0,Si,29.0,14.0,Ti,46.0,22.0,21.416912347202015
O,18.0,8.0,Si,29.0,14.0,Ti,47.0,22.0,22.25618853130436
O,16.0,8.0,Si,30.0,14.0,Ti,46.0,22.0,14.943959846299549
O,17.0,8.0,Si,30.0,14.0,Ti,47.0,22.0,19.6889907917066
O,18.0,8.0,Si,30.0,14.0,Ti,48.0,22.0,23.262202159297885
Ne,22.0,10.0,Si,28.0,14.0,Cr,50.0,24.0,20.73599016010121
Ne,21.0,10.0,Si,29.0,14.0,Cr,50.0,24.0,22.62506019489956
Ne,20.0,10.0,Si,30.0,14.0,Cr,50.0,24.0,18.77146910319425
Ne,22.0,10.0,Si,30.0,14.0,Cr,52.0,24.0,22.944562671196763
Mg,26.0,12.0,Si,28.0,14.0,Fe,54.0,26.0,18.533938107691938
Mg,25.0,12.0,Si,29.0,14.0,Fe,54.0,26.0,21.15423101099441
Mg,24.0,12.0,Si,30.0,14.0,Fe,54.0,26.0,17.870714308490278
Mg,26.0,12.0,Si,30.0,14.0,Fe,56.0,26.0,19.95260362199042
Si,29.0,14.0,Si,29.0,14.0,Ni,58.0,28.0,16.43155592399853
Si,28.0,14.0,Si,30.0,14.0,Ni,58.0,28.0,14.294708458597597
Si,30.0,14.0,Si,30.0,14.0,Ni,60.0,28.0,15.592279739896185
D,2.0,1.0,Sm,149.0,62.0,Eu,151.0,63.0,10.620895728177857
Н,1.0,1.0,Sm,150.0,62.0,Eu,151.0,63.0,4.8484267904714216
Н,1.0,1.0,Sm,152.0,62.0,Eu,153.0,63.0,6.012794415495591
He,3.0,2.0,Sm,149.0,62.0,Gd,152.0,64.0,12.50996576299076
He,3.0,2.0,Sm,152.0,62.0,Gd,155.0,64.0,12.044218712981092
He,3.0,2.0,Sm,154.0,62.0,Gd,157.0,64.0,13.134066809987416
Не,4.0,2.0,Sm,154.0,62.0,Gd,158.0,64.0,0.47785647326963954
Li,7.0,3.0,Sm,152.0,62.0,Tb,159.0,65.0,9.822605284512974
Be,9.0,4.0,Sm,147.0,62.0,Dy,156.0,66.0,2.8373310286260676
Be,9.0,4.0,Sm,149.0,62.0,Dy,158.0,66.0,4.8027835795946885
Be,9.0,4.0,Sm,152.0,62.0,Dy,161.0,66.0,4.7282640515768435
Be,9.0,4.0,Sm,154.0,62.0,Dy,163.0,66.0,5.426884626591345
B,11.0,5.0,Sm,154.0,62.0,Ho,165.0,67.0,0.9454665115044918
D,2.0,1.0,Sn,119.0,50.0,Sb,121.0,51.0,12.800591922205058
Н,1.0,1.0,Sn,120.0,50.0,Sb,121.0,51.0,5.779920890505309
Н,1.0,1.0,Sn,122.0,50.0,Sb,123.0,51.0,6.5996356984833255
Не,4.0,2.0,Sn,116.0,50.0,Te,120.0,52.0,0.1890933023096295
He,3.0,2.0,Sn,117.0,50.0,Te,120.0,52.0,13.581183978007175
Не,4.0,2.0,Sn,118.0,50.0,Te,122.0,52.0,1.2975712813058635
He,3.0,2.0,Sn,119.0,50.0,Te,122.0,52.0,15.295133121995605
Не,4.0,2.0,Sn,119.0,50.0,Te,123.0,52.0,1.6887988033122383
He,3.0,2.0,Sn,120.0,50.0,Te,123.0,52.0,13.022287518018857
Не,4.0,2.0,Sn,120.0,50.0,Te,124.0,52.0,1.8378378593042726
He,3.0,2.0,Sn,122.0,50.0,Te,125.0,52.0,13.99104138200346
Не,4.0,2.0,Sn,122.0,50.0,Te,126.0,52.0,2.581170151097467
Не,4.0,2.0,Sn,124.0,50.0,Te,128.0,52.0,2.9183710153156426
Li,7.0,3.0,Sn,120.0,50.0,I,127.0,53.0,12.838783180297469
Be,9.0,4.0,Sn,115.0,50.0,Xe,124.0,54.0,8.938617383595556
Be,9.0,4.0,Sn,117.0,50.0,Xe,126.0,54.0,10.318160145689035
Be,9.0,4.0,Sn,119.0,50.0,Xe,128.0,54.0,11.213325975797488
Be,9.0,4.0,Sn,120.0,50.0,Xe,129.0,54.0,8.879001761190011
Be,9.0,4.0,Sn,122.0,50.0,Xe,131.0,54.0,9.789071496881661
B,11.0,5.0,Sn,122.0,50.0,Cs,133.0,55.0,7.102642512487364
C,13.0,6.0,Sn,117.0,50.0,Ba,130.0,56.0,0.19933973738807254
C,13.0,6.0,Sn,119.0,50.0,Ba,132.0,56.0,1.5127464183897246
C,13.0,6.0,Sn,122.0,50.0,Ba,135.0,56.0,1.1122039553738432
C,12.0,6.0,Sn,124.0,50.0,Ba,136.0,56.0,0.8197148080071202
C,13.0,6.0,Sn,124.0,50.0,Ba,137.0,56.0,2.8261530993913766
N,14.0,7.0,Sn,124.0,50.0,La,138.0,57.0,1.5574581351975212
D,2.0,1.0,Sr,87.0,38.0,Y,89.0,39.0,16.358899384213146
Н,1.0,1.0,Sr,88.0,38.0,Y,89.0,39.0,7.456610270499368
Не,4.0,2.0,Sr,86.0,38.0,Zr,90.0,40.0,7.026259996302542
He,3.0,2.0,Sr,87.0,38.0,Zr,90.0,40.0,19.188778460011235
Не,4.0,2.0,Sr,87.0,38.0,Zr,91.0,40.0,5.815317666318151
He,3.0,2.0,Sr,88.0,38.0,Zr,91.0,40.0,15.26718829901074
Не,4.0,2.0,Sr,88.0,38.0,Zr,92.0,40.0,3.374803124301252
Li,7.0,3.0,Sr,86.0,38.0,Nb,93.0,41.0,17.926603954503662
Li,6.0,3.0,Sr,87.0,38.0,Nb,93.0,41.0,16.76316782362119
Be,9.0,4.0,Sr,86.0,38.0,Mo,95.0,42.0,14.648676216587774
Be,9.0,4.0,Sr,87.0,38.0,Mo,96.0,42.0,15.393871496606153
Be,9.0,4.0,Sr,88.0,38.0,Mo,97.0,42.0,11.220777928596362
C,12.0,6.0,Sr,84.0,38.0,Ru,96.0,44.0,5.38030992160202
C,12.0,6.0,Sr,86.0,38.0,Ru,98.0,44.0,3.502417815994704
C,13.0,6.0,Sr,86.0,38.0,Ru,99.0,44.0,6.086382449400844
C,12.0,6.0,Sr,87.0,38.0,Ru,99.0,44.0,2.6174984210083494
C,13.0,6.0,Sr,87.0,38.0,Ru,100.0,44.0,8.59210157841153
C,12.0,6.0,Sr,88.0,38.0,Ru,100.0,44.0,2.4125697190029314
C,13.0,6.0,Sr,88.0,38.0,Ru,101.0,44.0,4.512157420394942
N,15.0,7.0,Sr,88.0,38.0,Rh,103.0,45.0,0.8551115838054102
O,18.0,8.0,Sr,84.0,38.0,Pd,102.0,46.0,7.075629183615092
O,18.0,8.0,Sr,86.0,38.0,Pd,104.0,46.0,4.527061326007242
O,17.0,8.0,Sr,87.0,38.0,Pd,104.0,46.0,4.158189662412042
O,18.0,8.0,Sr,87.0,38.0,Pd,105.0,46.0,3.1763948810112197
O,17.0,8.0,Sr,88.0,38.0,Pd,105.0,46.0,0.09687538639991544
O,18.0,8.0,Sr,88.0,38.0,Pd,106.0,46.0,1.4624457369936863
Не,4.0,2.0,Sr*,90.0,38.0,Zr,94.0,40.0,3.533157121302793
C,12.0,6.0,Sr*,90.0,38.0,Ru,102.0,44.0,3.3626937009830726
O,18.0,8.0,Sr*,90.0,38.0,Pd,108.0,46.0,2.393939836983918
F,19.0,9.0,Sr*,90.0,38.0,Ag,109.0,47.0,0.9640963934944011
D,2.0,1.0,Ta,180.0,73.0,W,182.0,74.0,12.437309223198099
Н,1.0,1.0,Ta,181.0,73.0,W,182.0,74.0,7.018808043503668
D,2.0,1.0,Ta,181.0,73.0,W,183.0,74.0,10.984178427199367
Li,6.0,3.0,Ta,180.0,73.0,Os,186.0,76.0,8.109587634593481
Li,7.0,3.0,Ta,180.0,73.0,Os,187.0,76.0,7.046752866503084
Li,6.0,3.0,Ta,181.0,73.0,Os,187.0,76.0,6.65645683859475
Li,7.0,3.0,Ta,181.0,73.0,Os,188.0,76.0,7.465925211494323
B,10.0,5.0,Ta,180.0,73.0,Pt,190.0,78.0,0.47413049690658227
Н,1.0,1.0,Tb,159.0,65.0,Dy,160.0,66.0,7.4007206244859844
D,2.0,1.0,Tb,159.0,65.0,Dy,161.0,66.0,11.598964533186518
Li,7.0,3.0,Tb,159.0,65.0,Er,166.0,68.0,9.831920225493377
D,2.0,1.0,Te,125.0,52.0,I,127.0,53.0,13.199271396995755
Н,1.0,1.0,Te,126.0,52.0,I,127.0,53.0,6.25498288149538
Не,4.0,2.0,Te,120.0,52.0,Xe,124.0,54.0,0.92497364130395
Не,4.0,2.0,Te,122.0,52.0,Xe,126.0,54.0,1.3357625394128263
He,3.0,2.0,Te,123.0,52.0,Xe,126.0,54.0,14.942096858096193
Не,4.0,2.0,Te,124.0,52.0,Xe,128.0,54.0,1.6999767325178254
He,3.0,2.0,Te,125.0,52.0,Xe,128.0,54.0,15.753428219206398
Не,4.0,2.0,Te,125.0,52.0,Xe,129.0,54.0,2.085615289892303
He,3.0,2.0,Te,126.0,52.0,Xe,129.0,54.0,13.495486520798295
Не,4.0,2.0,Te,126.0,52.0,Xe,130.0,54.0,2.175038723493344
He,3.0,2.0,Te,128.0,52.0,Xe,131.0,54.0,14.580677147299866
Не,4.0,2.0,Te,128.0,52.0,Xe,132.0,54.0,2.9351379090949195
Не,4.0,2.0,Te,130.0,52.0,Xe,134.0,54.0,3.6374844605161343
Li,7.0,3.0,Te,126.0,52.0,Cs,133.0,55.0,13.187161973692128
Li,7.0,3.0,Te,130.0,52.0,Cs*,137.0,55.0,14.79678377849632
Be,9.0,4.0,Te,123.0,52.0,Ba,132.0,56.0,10.475582648577983
Be,9.0,4.0,Te,125.0,52.0,Ba,134.0,56.0,11.453651453586644
Be,9.0,4.0,Te,126.0,52.0,Ba,135.0,56.0,9.182668837776873
Be,9.0,4.0,Te,128.0,52.0,Ba,137.0,56.0,10.559417117576231
B,10.0,5.0,Te,128.0,52.0,La,138.0,57.0,10.096464549889788
B,11.0,5.0,Te,128.0,52.0,La,139.0,57.0,7.410035565495491
C,13.0,6.0,Te,123.0,52.0,Ce,136.0,58.0,0.40426843937893864
C,13.0,6.0,Te,125.0,52.0,Ce,138.0,58.0,1.913288881391054
He,3.0,2.0,Th*,232.0,90.0,U*,235.0,92.0,9.601841182768112
D,2.0,1.0,Ti,48.0,22.0,V,50.0,23.0,13.865289678498812
Н,1.0,1.0,Ti,49.0,22.0,V,50.0,23.0,7.942850190702302
D,2.0,1.0,Ti,49.0,22.0,V,51.0,23.0,16.758510353101883
Н,1.0,1.0,Ti,50.0,22.0,V,51.0,23.0,8.045314541697735
Не,4.0,2.0,Ti,46.0,22.0,Cr,50.0,24.0,8.555773308500648
He,3.0,2.0,Ti,47.0,22.0,Cr,50.0,24.0,20.24788725169492
Не,4.0,2.0,Ti,48.0,22.0,Cr,52.0,24.0,9.349406281697156
He,3.0,2.0,Ti,49.0,22.0,Cr,52.0,24.0,21.781126540299738
Не,4.0,2.0,Ti,49.0,22.0,Cr,53.0,24.0,9.14634056790237
He,3.0,2.0,Ti,50.0,22.0,Cr,53.0,24.0,18.787304502897314
Не,4.0,2.0,Ti,50.0,22.0,Cr,54.0,24.0,7.9307407673986745
Li,7.0,3.0,Ti,48.0,22.0,Mn,55.0,25.0,24.124765695894894
Li,6.0,3.0,Ti,49.0,22.0,Mn,55.0,25.0,23.230531359899032
Be,9.0,4.0,Ti,47.0,22.0,Fe,56.0,26.0,27.024506829191523
Be,9.0,4.0,Ti,48.0,22.0,Fe,57.0,26.0,23.045164033996116
Be,9.0,4.0,Ti,49.0,22.0,Fe,58.0,26.0,24.946343492098094
B,11.0,5.0,Ti,48.0,22.0,Co,59.0,27.0,22.414542528298625
B,10.0,5.0,Ti,49.0,22.0,Co,59.0,27.0,25.724141065598815
B,11.0,5.0,Ti,49.0,22.0,Co*,60.0,27.0,21.76529114060395
B,10.0,5.0,Ti,50.0,22.0,Co*,60.0,27.0,22.2841333542965
C,12.0,6.0,Ti,46.0,22.0,Ni,58.0,28.0,16.106464483098534
C,13.0,6.0,Ti,47.0,22.0,Ni,60.0,28.0,22.66231995889393
C,12.0,6.0,Ti,48.0,22.0,Ni,60.0,28.0,15.989096226498077
C,13.0,6.0,Ti,48.0,22.0,Ni,61.0,28.0,18.865550007300044
C,12.0,6.0,Ti,49.0,22.0,Ni,61.0,28.0,15.665867773801438
C,13.0,6.0,Ti,49.0,22.0,Ni,62.0,28.0,21.308859031603788
C,12.0,6.0,Ti,50.0,22.0,Ni,62.0,28.0,15.318420474497543
N,15.0,7.0,Ti,48.0,22.0,Cu,63.0,29.0,17.19631258010486
N,14.0,7.0,Ti,49.0,22.0,Cu,63.0,29.0,20.040164067402657
N,15.0,7.0,Ti,50.0,22.0,Cu,65.0,29.0,15.93972703920008
O,18.0,8.0,Ti,46.0,22.0,Zn,64.0,30.0,21.096478376799496
O,17.0,8.0,Ti,47.0,22.0,Zn,64.0,30.0,20.25720219269715
O,16.0,8.0,Ti,48.0,22.0,Zn,64.0,30.0,12.77823606380116
O,18.0,8.0,Ti,48.0,22.0,Zn,66.0,30.0,19.617265746004705
O,17.0,8.0,Ti,49.0,22.0,Zn,66.0,30.0,19.51759587731067
O,18.0,8.0,Ti,49.0,22.0,Zn,67.0,30.0,18.51623971980007
O,16.0,8.0,Ti,50.0,22.0,Zn,66.0,30.0,12.721414923704288
O,17.0,8.0,Ti,50.0,22.0,Zn,67.0,30.0,15.625813527498394
O,18.0,8.0,Ti,50.0,22.0,Zn,68.0,30.0,17.777564898497076
F,19.0,9.0,Ti,50.0,22.0,Ga,69.0,31.0,16.31325617330731
Ne,22.0,10.0,Ti,48.0,22.0,Ge,70.0,32.0,13.931425759597914
Ne,21.0,10.0,Ti,49.0,22.0,Ge,70.0,32.0,16.151176199899055
Ne,20.0,10.0,Ti,50.0,22.0,Ge,70.0,32.0,11.974356655497104
Ne,22.0,10.0,Ti,50.0,22.0,Ge,72.0,32.0,13.127546351301135
Mg,26.0,12.0,Ti,48.0,22.0,Se,74.0,34.0,7.534855774909374
Mg,25.0,12.0,Ti,49.0,22.0,Se,74.0,34.0,10.485829083700082
Mg,24.0,12.0,Ti,50.0,22.0,Se,74.0,34.0,6.879083928506589
Mg,26.0,12.0,Ti,50.0,22.0,Se,76.0,34.0,7.593539903202327
Si,30.0,14.0,Ti,48.0,22.0,Kr,78.0,36.0,1.2491335881059058
Si,29.0,14.0,Ti,49.0,22.0,Kr,78.0,36.0,3.7166614590096287
Si,28.0,14.0,Ti,50.0,22.0,Kr,78.0,36.0,1.256585540890228
Si,30.0,14.0,Ti,50.0,22.0,Kr,80.0,36.0,2.019479208785924
Ar,40.0,18.0,Ti,50.0,22.0,Zr,90.0,40.0,2.658484161394881
Ca,46.0,20.0,Ti,46.0,22.0,Mo,92.0,42.0,0.02980781119549647
Ca,43.0,20.0,Ti,49.0,22.0,Mo,92.0,42.0,0.3325433936988702
Н,1.0,1.0,Tl,203.0,81.0,Pb,204.0,82.0,6.601498686679406
Н,1.0,1.0,Tl,205.0,81.0,Pb,206.0,82.0,7.303845238086069
D,2.0,1.0,Tl,205.0,81.0,Pb,207.0,82.0,11.798304270603694
Н,1.0,1.0,Tm,169.0,69.0,Yb,170.0,70.0,6.795249459508341
D,2.0,1.0,Tm,169.0,69.0,Yb,171.0,70.0,11.151847365224967
Li,7.0,3.0,Tm,169.0,69.0,Hf,176.0,72.0,8.108656140509993
D,2.0,1.0,V,50.0,23.0,Cr,52.0,24.0,19.33129705729516
Н,1.0,1.0,V,51.0,23.0,Cr,52.0,24.0,10.515636894895579
D,2.0,1.0,V,51.0,23.0,Cr,53.0,24.0,16.235010668897303
Не,4.0,2.0,V,51.0,23.0,Mn,55.0,25.0,7.942850190695026
Li,6.0,3.0,V,50.0,23.0,Fe,56.0,26.0,25.484747081893147
Li,7.0,3.0,V,50.0,23.0,Fe,57.0,26.0,25.87318012159085
Li,6.0,3.0,V,51.0,23.0,Fe,57.0,26.0,22.085725110991916
Li,7.0,3.0,V,51.0,23.0,Fe,58.0,26.0,24.881138905089756
Be,9.0,4.0,V,50.0,23.0,Co,59.0,27.0,24.36881715009804
Be,9.0,4.0,V,51.0,23.0,Co*,60.0,27.0,20.82634508780029
B,10.0,5.0,V,50.0,23.0,Ni,60.0,28.0,27.31233850609715
B,11.0,5.0,V,50.0,23.0,Ni,61.0,28.0,23.67951151610032
B,10.0,5.0,V,51.0,23.0,Ni,61.0,28.0,24.095889378797438
B,11.0,5.0,V,51.0,23.0,Ni,62.0,28.0,23.229599865800992
C,13.0,6.0,V,50.0,23.0,Cu,63.0,29.0,19.490582548402017
C,12.0,6.0,V,51.0,23.0,Cu,63.0,29.0,13.397679640300339
N,14.0,7.0,V,50.0,23.0,Zn,64.0,30.0,19.805427554201742
N,15.0,7.0,V,51.0,23.0,Zn,66.0,30.0,16.802290575804363
O,18.0,8.0,V,51.0,23.0,Ga,69.0,31.0,16.260161009602598
F,19.0,9.0,V,51.0,23.0,Ge,70.0,32.0,16.77248276460159
Na,23.0,11.0,V,51.0,23.0,Se,74.0,34.0,10.526814824101166
Al,27.0,13.0,V,51.0,23.0,Kr,78.0,36.0,4.7925371445016935
D,2.0,1.0,W,183.0,74.0,Re,185.0,75.0,10.592950905207545
Н,1.0,1.0,W,184.0,74.0,Re,185.0,75.0,5.398008309479337
Н,1.0,1.0,W,186.0,74.0,Re,187.0,75.0,5.779920890490757
He,3.0,2.0,W,183.0,74.0,Os,186.0,76.0,11.531896958011203
He,3.0,2.0,W,184.0,74.0,Os,187.0,76.0,10.302324745978694
He,3.0,2.0,W,186.0,74.0,Os,189.0,76.0,11.289708491996862
Li,7.0,3.0,W,184.0,74.0,Ir,191.0,77.0,5.7240312444919255
Li,7.0,3.0,W,186.0,74.0,Ir,193.0,77.0,6.581005816493416
Be,9.0,4.0,W,183.0,74.0,Pt,192.0,78.0,0.9743428285873961
Be,9.0,4.0,W,186.0,74.0,Pt,195.0,78.0,1.5891289345745463
D,2.0,1.0,Xe,131.0,54.0,Cs,133.0,55.0,13.133135315903928
Н,1.0,1.0,Xe,132.0,54.0,Cs,133.0,55.0,6.424514807702508
Н,1.0,1.0,Xe,136.0,54.0,Cs*,137.0,55.0,7.662470466588275
Не,4.0,2.0,Xe,126.0,54.0,Ba,130.0,56.0,0.5328146251995349
Не,4.0,2.0,Xe,128.0,54.0,Ba,132.0,56.0,0.9510554760927334
He,3.0,2.0,Xe,129.0,54.0,Ba,132.0,56.0,14.618868405406829
Не,4.0,2.0,Xe,130.0,54.0,Ba,134.0,56.0,1.6794838623172836
He,3.0,2.0,Xe,131.0,54.0,Ba,134.0,56.0,15.655621338708443
Не,4.0,2.0,Xe,131.0,54.0,Ba,135.0,56.0,1.9747674919926794
He,3.0,2.0,Xe,132.0,54.0,Ba,135.0,56.0,13.620306730197626
Не,4.0,2.0,Xe,132.0,54.0,Ba,136.0,56.0,2.2402433105162345
He,3.0,2.0,Xe,134.0,54.0,Ba,137.0,56.0,14.780948378785979
Не,4.0,2.0,Xe,134.0,54.0,Ba,138.0,56.0,2.786098853102885
Li,7.0,3.0,Xe,131.0,54.0,La,138.0,57.0,13.303598736194544
Li,6.0,3.0,Xe,132.0,54.0,La,138.0,57.0,11.623183379808324
Li,7.0,3.0,Xe,132.0,54.0,La,139.0,57.0,13.140587268702802
Be,9.0,4.0,Xe,129.0,54.0,Ce,138.0,58.0,10.479308624999248
Be,9.0,4.0,Xe,131.0,54.0,Ce,140.0,58.0,10.668401927294326
B,11.0,5.0,Xe,130.0,54.0,Pr,141.0,59.0,5.053355492535047
B,10.0,5.0,Xe,131.0,54.0,Pr,141.0,59.0,9.907371247623814
C,13.0,6.0,Xe,129.0,54.0,Nd,142.0,60.0,0.614786106016254
Н,1.0,1.0,Y,89.0,39.0,Zr,90.0,40.0,8.322899783495814
D,2.0,1.0,Y,89.0,39.0,Zr,91.0,40.0,13.303598736209096
Не,4.0,2.0,Y,89.0,39.0,Nb,93.0,41.0,1.875097623313195
Li,6.0,3.0,Y,89.0,39.0,Mo,95.0,42.0,13.81964646760025
Li,7.0,3.0,Y,89.0,39.0,Mo,96.0,42.0,15.728277878501103
B,10.0,5.0,Y,89.0,39.0,Ru,99.0,44.0,11.447130994900363
B,11.0,5.0,Y,89.0,39.0,Ru,100.0,44.0,10.912453381504747
N,15.0,7.0,Y,89.0,39.0,Pd,104.0,46.0,1.8424953298090259
D,2.0,1.0,Yb,173.0,70.0,Lu,175.0,71.0,10.723360079195118
Н,1.0,1.0,Yb,174.0,70.0,Lu,175.0,71.0,5.547047365485923
D,2.0,1.0,Yb,174.0,70.0,Lu,176.0,71.0,9.670771746197715
He,3.0,2.0,Yb,171.0,70.0,Hf,174.0,72.0,11.410802724974928
He,3.0,2.0,Yb,173.0,70.0,Hf,176.0,72.0,11.811345187976258
He,3.0,2.0,Yb,174.0,70.0,Hf,177.0,72.0,10.777386736997869
He,3.0,2.0,Yb,176.0,70.0,Hf,179.0,72.0,11.876549774984596
Li,7.0,3.0,Yb,173.0,70.0,Ta,180.0,73.0,6.32018746851827
Li,6.0,3.0,Yb,174.0,70.0,Ta,180.0,73.0,6.172079906595172
Li,7.0,3.0,Yb,174.0,70.0,Ta,181.0,73.0,6.562375934503507
Be,9.0,4.0,Yb,171.0,70.0,W,180.0,74.0,1.570499052584637
Be,9.0,4.0,Yb,173.0,70.0,W,182.0,74.0,2.0641909255937207
Be,9.0,4.0,Yb,174.0,70.0,W,183.0,74.0,0.8532485955802258
D,2.0,1.0,Zn,67.0,30.0,Ga,69.0,31.0,14.502431642904412
Н,1.0,1.0,Zn,68.0,30.0,Ga,69.0,31.0,6.527910652803257
Н,1.0,1.0,Zn,70.0,30.0,Ga,71.0,31.0,7.762140335296863
Не,4.0,2.0,Zn,66.0,30.0,Ge,70.0,32.0,3.981205783391488
He,3.0,2.0,Zn,67.0,30.0,Ge,70.0,32.0,17.513952068198705
Не,4.0,2.0,Zn,68.0,30.0,Ge,72.0,32.0,5.017027222609613
He,3.0,2.0,Zn,70.0,30.0,Ge,73.0,32.0,16.783660693792626
Не,4.0,2.0,Zn,70.0,30.0,Ge,74.0,32.0,6.3350913741014665
Li,7.0,3.0,Zn,68.0,30.0,As,75.0,33.0,17.968521188988234
Be,9.0,4.0,Zn,67.0,30.0,Se,76.0,34.0,18.72862037460436
Be,9.0,4.0,Zn,68.0,30.0,Se,77.0,34.0,15.944384509697556
B,11.0,5.0,Zn,68.0,30.0,Br,79.0,35.0,14.738099650203367
B,11.0,5.0,Zn,70.0,30.0,Br,81.0,35.0,17.05472547688987
C,12.0,6.0,Zn,66.0,30.0,Kr,78.0,36.0,5.290886488000979
C,13.0,6.0,Zn,67.0,30.0,Kr,80.0,36.0,13.152696691991878
C,12.0,6.0,Zn,68.0,30.0,Kr,80.0,36.0,7.900932956195902
C,12.0,6.0,Zn,70.0,30.0,Kr,82.0,36.0,11.052177496501827
C,13.0,6.0,Zn,70.0,30.0,Kr,83.0,36.0,13.572800531095709
N,15.0,7.0,Zn,70.0,30.0,Rb,85.0,37.0,12.804317898597219
O,18.0,8.0,Zn,66.0,30.0,Sr,84.0,38.0,11.021438191193738
O,17.0,8.0,Zn,67.0,30.0,Sr,84.0,38.0,12.022794348697062
O,16.0,8.0,Zn,68.0,30.0,Sr,84.0,38.0,5.965288216393674
O,18.0,8.0,Zn,68.0,30.0,Sr,86.0,38.0,13.753510386508424
O,16.0,8.0,Zn,70.0,30.0,Sr,86.0,38.0,10.249229582303087
O,17.0,8.0,Zn,70.0,30.0,Sr,87.0,38.0,14.523856007188442
O,18.0,8.0,Zn,70.0,30.0,Sr,88.0,38.0,17.603375501799746
F,19.0,9.0,Zn,70.0,30.0,Y,89.0,39.0,17.06776639430609
Ne,22.0,10.0,Zn,68.0,30.0,Zr,90.0,40.0,11.11272461299086
Ne,20.0,10.0,Zn,70.0,30.0,Zr,90.0,40.0,12.547225526999682
Ne,21.0,10.0,Zn,70.0,30.0,Zr,91.0,40.0,12.991548212710768
Ne,22.0,10.0,Zn,70.0,30.0,Zr,92.0,40.0,11.311132856295444
Na,23.0,11.0,Zn,70.0,30.0,Nb,93.0,41.0,8.477527804105193
Mg,26.0,12.0,Zn,66.0,30.0,Mo,92.0,42.0,2.188079640895012
Mg,25.0,12.0,Zn,67.0,30.0,Mo,92.0,42.0,6.240078975897632
Mg,24.0,12.0,Zn,68.0,30.0,Mo,92.0,42.0,3.372008641992579
Mg,26.0,12.0,Zn,68.0,30.0,Mo,94.0,42.0,2.5299379755888367
Mg,24.0,12.0,Zn,70.0,30.0,Mo,94.0,42.0,5.265736147295684
Mg,25.0,12.0,Zn,70.0,30.0,Mo,95.0,42.0,5.093409738794435
Mg,26.0,12.0,Zn,70.0,30.0,Mo,96.0,42.0,3.156833504908718
D,2.0,1.0,Zr,91.0,40.0,Nb,93.0,41.0,12.41867934120819
Н,1.0,1.0,Zr,92.0,40.0,Nb,93.0,41.0,5.956904769511311
Не,4.0,2.0,Zr,90.0,40.0,Mo,94.0,42.0,2.033451620300184
He,3.0,2.0,Zr,91.0,40.0,Mo,94.0,42.0,15.406912413993268
Не,4.0,2.0,Zr,91.0,40.0,Mo,95.0,42.0,1.9868769152963068
He,3.0,2.0,Zr,92.0,40.0,Mo,95.0,42.0,13.879262090005795
Не,4.0,2.0,Zr,92.0,40.0,Mo,96.0,42.0,2.4619389063154813
He,3.0,2.0,Zr,94.0,40.0,Mo,97.0,42.0,15.295133122010157
Не,4.0,2.0,Zr,94.0,40.0,Mo,98.0,42.0,3.011520425294293
Не,4.0,2.0,Zr,96.0,40.0,Mo,100.0,42.0,3.011520425294293
Be,9.0,4.0,Zr,90.0,40.0,Ru,99.0,44.0,9.711757486598799
Be,9.0,4.0,Zr,91.0,40.0,Ru,100.0,44.0,13.428418945593876
Be,9.0,4.0,Zr,92.0,40.0,Ru,101.0,44.0,11.788989329594187
B,11.0,5.0,Zr,92.0,40.0,Rh,103.0,45.0,8.471938839516952
C,13.0,6.0,Zr,91.0,40.0,Pd,104.0,46.0,4.698456240395899
C,12.0,6.0,Zr,92.0,40.0,Pd,104.0,46.0,0.9594389230041998
C,13.0,6.0,Zr,92.0,40.0,Pd,105.0,46.0,3.077656506400672
C,12.0,6.0,Zr,94.0,40.0,Pd,106.0,46.0,2.7385926540009677
C,12.0,6.0,Zr,96.0,40.0,Pd,108.0,46.0,3.9867947479942814
N,15.0,7.0,Zr,94.0,40.0,Ag,109.0,47.0,1.4419528668076964
O,17.0,8.0,Zr,91.0,40.0,Cd,108.0,48.0,0.3576937344041653
O,18.0,8.0,Zr,92.0,40.0,Cd,110.0,48.0,0.7265653979993658
O,17.0,8.0,Zr,94.0,40.0,Cd,111.0,48.0,0.7116614924016176
O,18.0,8.0,Zr,94.0,40.0,Cd,112.0,48.0,2.291475486010313
O,16.0,8.0,Zr,96.0,40.0,Cd,112.0,48.0,0.25616087749949656
O,17.0,8.0,Zr,96.0,40.0,Cd,113.0,48.0,2.5373899284022627
O,18.0,8.0,Zr,96.0,40.0,Cd,114.0,48.0,3.530362639008672
F,19.0,9.0,Zr,94.0,40.0,In,113.0,49.0,0.2468459365045419
F,19.0,9.0,Zr,96.0,40.0,In,115.0,49.0,2.361337543494301
D,2.0,1.0,Не,4.0,2.0,Li,6.0,3.0,1.4708291838987861
