id,A,Z,nBorF,aBorF,E,AMU,BE,BEN,SUS,LHL,RDM,DEMeV,pcaNCrust,ppmNCrust,ppmNSolar,SP,MD,EQ,RCPT,Inova_MHz
1,0,-1,b,f,e-,0.00054860000,0.00000000000,0.00000000000,SPN,50.0000,null,0.0000,100.0000,null,null,null,null,null,null,null
2,1,0,f,f,n*,1.00866500000,0.00000000000,0.00000000000,UPN,-4.6070,null,0.0000,100.0000,null,null,1/2+,-1.9130427000,null,null,null
3,1,1,f,b,H,1.00782503223,0.00000000000,0.00000000000,SPN,50.0000,null,0.0000,99.9850,1399.79,705700,1/2+,2.7928473510,null,5700.0000,400.000
4,2,1,b,f,D,2.01410177812,2.22411410138,1.11205705069,SPN,50.0000,null,0.0000,0.0150,0.21,23,1+,0.8574382310,0.0028600000,0.0082,61.403
5,3,1,f,b,T,3.01604927790,8.48111605334,2.82703868445,SYN,1.0906,b-,0.0186,0.0000,0,null,1/2+,2.9789624600,null,6897.0000,426.656
6,3,2,f,f,He,3.01602932010,7.71737322095,2.57245774032,SPN,50.0000,null,0.0000,0.0001,null,35,1/2+,-2.1276253100,null,null,null
7,4,2,b,b,He,4.00260325413,28.29476455561,7.07369113890,SPN,50.0000,null,0.0000,99.9999,null,275200,null,null,null,null,null
8,6,3,b,f,Li,6.01512288740,31.99263761964,5.33210626994,SPN,50.0000,null,0.0000,7.4200,1.484,null,1+,0.8220430000,-0.0008060000,3.5800,58.864
9,7,3,f,b,Li,7.01600343660,39.24349799105,5.60621399872,SPN,50.0000,null,0.0000,92.5800,18.516,null,3/2-,3.2564070000,-0.0400000000,1540.0000,155.455
10,9,4,f,f,Be,9.01218306500,58.16199300180,6.46244366687,SPN,50.0000,null,0.0000,100.0000,2.8,null,3/2-,-1.1774300000,0.0529000000,78.8000,56.207
11,10,5,b,f,B,10.01293695000,64.74850694777,6.47485069478,SPN,50.0000,null,0.0000,19.6000,1.96,null,3+,1.8004636000,0.0845000000,22.0000,42.975
12,11,5,f,b,B,11.00930536000,76.20239941621,6.92749085602,SPN,50.0000,null,0.0000,80.4000,8.04,null,3/2-,2.6883780000,0.0405900000,754.0000,128.286
13,12,6,b,b,C,12.00000000000,92.15904307956,7.67992025663,SPN,50.0000,null,0.0000,98.8900,197.78,3032,null,null,null,null,null
14,13,6,f,f,C,13.00335483507,97.10512018346,7.46962462950,SPN,50.0000,null,0.0000,1.1100,2.22,37,1/2-,0.7023690000,null,1.0000,100.589
15,14,6,b,b,C,14.00324198840,105.28132317876,7.52009451277,UPN,3.7581,b-,0.1565,0.0000,0,null,3-,0.8200000000,null,null,null
16,14,7,b,f,N,14.00307400443,104.65546588494,7.47539042035,SPN,50.0000,null,0.0000,99.6300,18.9297,1105,1+,0.4035730000,0.0204400000,null,null
17,15,7,f,b,N,15.00010889888,115.48853186480,7.69923545765,SPN,50.0000,null,0.0000,0.3700,0.0703,null,1/2-,-0.2830569000,null,0.0220,40.547
18,16,8,b,b,O,15.99491461957,127.61572716061,7.97598294754,SPN,50.0000,null,0.0000,99.7590,459888.99,9592,null,null,null,null,null
19,17,8,f,f,O,16.99913175650,131.75857496811,7.75050440989,SPN,50.0000,null,0.0000,0.0370,170.57,null,5/2+,-1.8935430000,-0.0256000000,0.0610,50.227
20,18,8,b,b,O,17.99915961286,139.80371388824,7.76687299379,SPN,50.0000,null,0.0000,0.2040,940.44,null,null,null,null,null,null
21,19,9,f,b,F,18.99840316273,147.79709644959,7.77879454998,SPN,50.0000,null,0.0000,100.0000,585,null,1/2+,2.6283210000,null,4730.0000,376.345
22,20,10,b,b,Ne,19.99244017620,160.64033816500,8.03201690825,SPN,50.0000,null,0.0000,90.9200,null,1548,null,null,null,null,null
23,21,10,f,f,Ne,20.99384668500,167.40127014932,7.97148905473,SPN,50.0000,null,0.0000,0.2570,null,null,3/2+,-0.6617000000,0.1020000000,null,null
24,22,10,b,b,Ne,21.99138511400,177.76529654911,8.08024075223,SPN,50.0000,null,0.0000,8.8200,null,208,null,null,null,null,null
25,23,11,f,b,Na,22.98976928200,186.55918845272,8.11126906316,SPN,50.0000,null,0.0000,100.0000,23600,33,3/2+,2.2175000000,0.1040000000,525.0000,105.808
26,24,12,b,b,Mg,23.98504169700,198.25166064327,8.26048586014,SPN,50.0000,null,0.0000,78.7000,18337.1,513,null,null,null,null,null
27,25,12,f,f,Mg,24.98583697600,205.58194972280,8.22327798891,SPN,50.0000,null,0.0000,10.1300,2360.29,69,5/2+,-0.8553300000,0.1990000000,null,null
28,26,12,b,b,Mg,25.98259296800,216.67481175445,8.33364660594,SPN,50.0000,null,0.0000,11.1700,2602.61,79,null,null,null,null,null
29,27,13,f,b,Al,26.98153853000,224.94576832817,8.33132475290,SPN,50.0000,null,0.0000,100.0000,82300,58,5/2+,3.6407000000,0.1466000000,1170.0000,104.227
30,28,14,b,b,Si,27.97692653465,236.53056941472,8.44752033624,SPN,50.0000,null,0.0000,92.2100,260032.2,653,null,null,null,null,null
31,29,14,f,f,Si,28.97649466490,245.00394060131,8.44841174487,SPN,50.0000,null,0.0000,4.7000,13254,34,1/2+,-0.5550520000,null,2.0900,79.468
32,30,14,b,b,Si,29.97377013600,255.61291079491,8.52043035983,SPN,50.0000,null,0.0000,3.0900,8713.8,23,null,null,null,null,null
33,31,15,f,b,P,30.97376199842,262.90924445619,8.48094336955,SPN,50.0000,null,0.0000,100.0000,1050,null,1/2+,1.1309250000,null,377.0000,161.923
34,32,16,b,b,S,31.97207117440,271.77299100150,8.49290596880,SPN,50.0000,null,0.0000,95.0000,332.5,396,null,null,null,null,null
35,33,16,f,f,S,32.97145890980,280.41439896867,8.49740602935,SPN,50.0000,null,0.0000,0.7600,2.66,null,3/2+,0.6432500000,-0.0678000000,null,null
36,34,16,b,b,S,33.96786700400,291.83132582967,8.58327428911,SPN,50.0000,null,0.0000,4.2200,14.77,null,null,null,null,null,null
37,35,17,f,b,Cl,34.96885268200,298.20192590959,8.52005502599,SPN,50.0000,null,0.0000,75.5300,109.5185,null,3/2+,0.8217000000,-0.8170000000,null,null
38,37,17,f,b,Cl,36.96590260200,317.09208263639,8.57005628747,SPN,50.0000,null,0.0000,24.4700,35.4815,null,3/2+,0.6840000000,-0.0644000000,null,null
39,36,18,b,b,Ar,35.96754510500,306.70868002741,8.51968555632,SPN,50.0000,null,0.0000,0.3370,null,77,null,null,null,null,null
40,38,18,b,b,Ar,37.96273211000,327.33413152061,8.61405609265,SPN,50.0000,null,0.0000,0.0630,null,null,null,null,null,null,null
41,40,18,b,b,Ar,39.96238312370,343.80138420481,8.59503460512,SPN,50.0000,null,0.0000,99.6000,null,null,null,null,null,null,null
42,39,19,f,b,K,38.96370648640,333.71525897689,8.55680151223,SPN,50.0000,null,0.0000,93.1000,19457.9,null,3/2+,0.3914700000,0.0585000000,null,null
43,40,19,b,f,K,39.96399816600,341.51464804390,8.53786620110,UPN,9.0969,b- or K or b+,1.5050,0.0118,2.4662,null,4-,-1.2979700000,-0.0730000000,null,null
44,41,19,f,b,K,40.96182525790,351.60978658803,8.57584845337,SPN,50.0000,null,0.0000,6.8800,1437.92,null,3/2+,0.2148720000,0.0711000000,null,null
45,40,20,b,b,Ca,39.96259086300,342.04320940400,8.55108023510,SPN,50.0000,null,0.0000,96.9700,40242.55,60,null,null,null,null,null
46,42,20,b,b,Ca,41.95861783000,361.88624105380,8.61633907271,SPN,50.0000,null,0.0000,0.6400,265.6,null,null,null,null,null,null
47,43,20,f,f,Ca,42.95876644000,369.81889864253,8.60043950331,SPN,50.0000,null,0.0000,0.1450,60.175,null,7/2-,-1.3173300000,-0.0408000000,null,null
48,44,20,b,b,Ca,43.95548156000,380.94983271058,8.65795074342,SPN,50.0000,null,0.0000,2.0600,854.9,null,null,null,null,null,null
49,46,20,b,b,Ca,45.95368900000,398.76176611640,8.66873404601,SPN,50.0000,null,0.0000,0.0033,1.3695,null,null,null,null,null,null
50,48,20,b,b,Ca,47.95252276000,415.99028599123,8.66646429148,UPN,19.3619,2 b-,4.2740,0.1800,74.7,null,null,null,null,null,null
51,45,21,f,b,Sc,44.95590828000,387.84109900019,8.61869108889,SPN,50.0000,null,0.0000,100.0000,22,null,7/2-,4.7540000000,-0.2200000000,1710.0000,97.167
52,46,22,b,b,Ti,45.95262772000,398.18567560272,8.65621033919,SPN,50.0000,null,0.0000,7.9300,444.08,null,null,null,null,null,null
53,47,22,f,f,Ti,46.95175879000,407.06616593561,8.66098225395,SPN,50.0000,null,0.0000,7.2800,407.68,null,5/2-,-0.7881400000,0.3020000000,null,null
54,48,22,b,b,Ti,47.94794198000,418.69258978450,8.72276228718,SPN,50.0000,null,0.0000,73.9400,4140.64,null,null,null,null,null,null
55,49,22,f,f,Ti,48.94786568000,426.83474976378,8.71091326049,SPN,50.0000,null,0.0000,5.5100,308.56,null,7/2-,-1.1037000000,0.2470000000,null,null
56,50,22,b,b,Ti,49.94478689000,437.77371216463,8.75547424329,SPN,50.0000,null,0.0000,5.3400,299.04,null,null,null,null,null,null
57,50,23,b,f,V,49.94715601000,434.78455689911,8.69569113798,UPN,17.1461,b+ or b-,2.2050,0.2400,0.288,null,6+,3.3442000000,0.2100000000,null,null
58,51,23,f,b,V,50.94395704000,445.83546628896,8.74187188802,SPN,50.0000,null,0.0000,99.7600,119.712,null,7/2-,5.1464000000,-0.0430000000,2160.0000,101.212
59,50,24,b,b,Cr,49.94604183000,435.04007584568,8.70080151691,SPN,50.0000,null,0.0000,4.3100,4.3962,null,null,null,null,null,null
60,52,24,b,b,Cr,51.94050623000,456.33862980178,8.77574288080,SPN,50.0000,null,0.0000,83.7600,85.4352,null,null,null,null,null,null
61,53,24,f,f,Cr,52.94064815000,464.27751908759,8.75995319033,SPN,50.0000,null,0.0000,9.5500,9.741,null,3/2-,-0.4743100000,-0.1500000000,null,null
62,54,24,b,b,Cr,53.93887916000,473.99641021034,8.77771130019,SPN,50.0000,null,0.0000,2.3800,2.4276,null,null,null,null,null,null
63,55,25,f,b,Mn,54.93804391000,482.06319440408,8.76478535280,SPN,50.0000,null,0.0000,100.0000,950,null,5/2-,3.4669000000,0.3300000000,994.0000,98.980
64,54,26,b,b,Fe,53.93960899000,471.75191088088,8.73614649779,SPN,50.0000,null,0.0000,5.8200,3276.66,72,null,null,null,null,null
65,56,26,b,b,Fe,55.93493633000,492.24664111678,8.79011859137,SPN,50.0000,null,0.0000,91.6600,51604.58,1169,null,null,null,null,null
66,57,26,f,f,Fe,56.93539284000,499.89249160021,8.77004371228,SPN,50.0000,null,0.0000,2.1900,1232.97,28,1/2-,0.0906400000,null,null,null
67,58,26,b,b,Fe,57.93327443000,509.93686547299,8.79201492195,SPN,50.0000,null,0.0000,0.3300,185.79,null,null,null,null,null,null
68,59,27,f,b,Co,58.93319429000,517.30026898051,8.76780116916,SPN,50.0000,null,0.0000,100.0000,25,null,7/2-,4.6150000000,0.4200000000,1570.0000,94.908
69,60,27,b,f,Co,59.93382220000,524.78646133516,8.74644102225,SYN,0.7219,"g, b-",1.3325,0.0000,0,null,5+,3.7990000000,0.4600000000,null,null
70,58,28,b,b,Ni,57.93534241000,506.44588700108,8.73182563795,SPN,50.0000,null,0.0000,67.8800,57.0192,49,null,null,null,null,null
71,60,28,b,b,Ni,59.93078588000,526.83244280003,8.78054071333,SPN,50.0000,null,0.0000,26.2300,22.0332,null,null,null,null,null,null
72,61,28,f,f,Ni,60.93105557000,534.65231505485,8.76479205008,SPN,50.0000,null,0.0000,1.1900,0.9996,null,3/2-,-0.7496500000,0.1620000000,null,null
73,62,28,b,b,Ni,61.92834537000,545.24793795928,8.79432157999,SPN,50.0000,null,0.0000,3.6600,3.0744,null,null,null,null,null,null
74,64,28,b,b,Ni,63.92796682000,561.74272906251,8.77723014160,SPN,50.0000,null,0.0000,1.0800,0.9072,null,null,null,null,null,null
75,63,29,f,b,Cu,62.92959772000,551.37013458228,8.75190689813,SPN,50.0000,null,0.0000,69.0900,41.454,null,3/2-,2.2259000000,-0.2200000000,365.0000,106.112
76,65,29,f,b,Cu,64.92778970000,569.19646889048,8.75686875216,SPN,50.0000,null,0.0000,30.9100,18.546,null,3/2-,2.3844000000,-0.2040000000,201.0000,113.669
77,64,30,b,b,Zn,63.92914201000,559.08337941665,8.73567780339,SPN,50.0000,null,0.0000,48.8900,34.223,null,null,null,null,null,null
78,66,30,b,b,Zn,65.92603381000,578.12082402746,8.75940642466,SPN,50.0000,null,0.0000,27.8100,19.467,null,null,null,null,null,null
79,67,30,f,f,Zn,66.92712775000,585.17291207785,8.73392406086,SPN,50.0000,null,0.0000,4.1100,2.877,null,5/2-,0.8748500000,0.1500000000,null,null
80,68,30,b,b,Zn,67.92484455000,595.37078690187,8.75545274856,SPN,50.0000,null,0.0000,18.5700,12.999,null,null,null,null,null,null
81,70,30,b,b,Zn,69.92531920000,611.07082703970,8.72958324342,SPN,50.0000,null,0.0000,0.6200,0.434,null,null,null,null,null,null
82,69,31,f,b,Ga,68.92557350000,601.98052765905,8.72435547332,SPN,50.0000,null,0.0000,60.4000,11.476,null,3/2-,2.0150200000,0.1710000000,237.0000,96.006
83,71,31,f,b,Ga,70.92470258000,618.93395862728,8.71737969898,SPN,50.0000,null,0.0000,39.6000,7.524,null,3/2-,2.5603300000,0.1070000000,319.0000,121.987
84,70,32,b,b,Ge,69.92424875000,610.50327832905,8.72147540470,SPN,50.0000,null,0.0000,20.5200,0.3078,null,null,null,null,null,null
85,72,32,b,b,Ge,71.92207582600,628.66951864558,8.73152109230,SPN,50.0000,null,0.0000,27.4300,0.41145,null,null,null,null,null,null
86,73,32,f,f,Ge,72.92345895600,635.45222784963,8.70482503904,SPN,50.0000,null,0.0000,7.7600,0.1164,null,9/2+,-0.8782400000,-0.1960000000,null,null
87,74,32,b,b,Ge,73.92117776100,645.64823502750,8.72497614902,SPN,50.0000,null,0.0000,36.5400,0.5481,null,null,null,null,null,null
88,76,32,b,b,Ge,75.92140272600,661.58085532802,8.70501125432,UPN,21.2553,2 b-,2.0390,7.6700,0.11505,null,null,null,null,null,null
89,75,33,f,b,As,74.92159457000,652.54873335746,8.70064977810,SPN,50.0000,null,0.0000,100.0000,1.8,null,3/2-,1.4383000000,0.3140000000,143.0000,68.491
90,74,34,b,b,Se,73.92247593400,642.87432741403,8.68749091100,SPN,50.0000,null,0.0000,0.8700,0.000435,null,null,null,null,null,null
91,76,34,b,b,Se,75.91921370400,662.05525009704,8.71125329075,SPN,50.0000,null,0.0000,9.0200,0.00451,null,null,null,null,null,null
92,77,34,f,f,Se,76.91991415400,669.47387185274,8.69446586822,SPN,50.0000,null,0.0000,17.5800,0.00879,null,1/2-,0.5335600000,null,2.9800,76.286
93,78,34,b,b,Se,77.91730928000,679.97138418499,8.71758184853,SPN,50.0000,null,0.0000,23.5200,0.01176,null,null,null,null,null,null
94,80,34,b,b,Se,79.91652180000,696.84709126606,8.71058864083,SPN,50.0000,null,0.0000,49.8200,0.02491,null,null,null,null,null,null
95,82,34,b,b,Se,81.91669950000,712.82373864624,8.69297242252,UPN,20.0414,2 b-,2.9950,8.8200,0.00441,null,null,null,null,null,null
96,79,35,f,b,Br,78.91833760000,686.30226348354,8.68737042384,SPN,50.0000,null,0.0000,50.5400,1.21296,null,3/2-,2.1046000000,0.3130000000,226.0000,100.218
97,81,35,f,b,Br,80.91628970000,704.35204465251,8.69570425497,SPN,50.0000,null,0.0000,49.4600,1.18704,null,3/2-,2.2686000000,0.2620000000,277.0000,108.028
98,78,36,b,b,Kr,77.92036494000,675.56038738971,8.66103060756,UPN,24.9368,KK,2.8460,0.3500,null,null,null,null,null,null,null
99,80,36,b,b,Kr,79.91637808000,695.41629881166,8.69270373515,SPN,50.0000,null,0.0000,2.2700,null,null,null,null,null,null,null
100,82,36,b,b,Kr,81.91348273000,714.25547485361,8.71043262017,SPN,50.0000,null,0.0000,11.5600,null,null,null,null,null,null,null
101,83,36,f,f,Kr,82.91412716000,721.72627892185,8.69549733641,SPN,50.0000,null,0.0000,11.5500,null,null,9/2+,-0.9706690000,0.2530000000,null,null
102,84,36,b,b,Kr,83.91149772820,732.24666670566,8.71722222269,SPN,50.0000,null,0.0000,56.9000,null,null,null,null,null,null,null
103,86,36,b,b,Kr,85.91061062690,749.21517046315,8.71180430771,SPN,50.0000,null,0.0000,17.3700,null,null,null,null,null,null,null
104,85,37,f,b,Rb,84.91178973790,739.26341487640,8.69721664560,SPN,50.0000,null,0.0000,72.5100,65.259,null,5/2-,1.3530600000,0.2760000000,null,null
105,87,37,f,b,Rb,86.90918053100,757.83605024208,8.71075919818,UPN,10.6965,b-,0.2830,27.8500,25.065,null,3/2-,2.7512900000,0.1335000000,277.0000,130.885
106,84,38,b,b,Sr,83.91341910000,728.89225294131,8.67728872549,SPN,50.0000,null,0.0000,0.5600,2.072,null,null,null,null,null,null
107,86,38,b,b,Sr,85.90926060000,748.90804605067,8.70823309361,SPN,50.0000,null,0.0000,9.8600,36.482,null,null,null,null,null,null
108,87,38,f,f,Sr,86.90887750000,757.33598849147,8.70501136197,SPN,50.0000,null,0.0000,7.0200,25.974,null,9/2+,-1.0931600000,0.3050000000,null,null
109,88,38,b,b,Sr,87.90561250000,768.44840445217,8.73236823241,SPN,50.0000,null,0.0000,82.5600,305.472,null,null,null,null,null,null
110,90,38,b,b,Sr,89.90773000000,782.61813912411,8.69575710138,UPN,1.4592,b-,0.5460,0.0000,0,null,null,null,null,null,null
111,89,39,f,b,Y,88.90584030000,775.52496359462,8.71376363589,SPN,50.0000,null,0.0000,100.0000,33,null,1/2-,-0.1372980000,null,null,null
112,90,40,b,b,Zr,89.90469770000,783.87804257177,8.70975602858,SPN,50.0000,null,0.0000,51.4600,84.909,null,null,null,null,null,null
113,91,40,f,f,Zr,90.90563960000,791.07175502062,8.69309620902,SPN,50.0000,null,0.0000,11.2300,18.5295,null,5/2+,-1.3022000000,-0.1760000000,null,null
114,92,40,b,b,Zr,91.90503470000,799.70630290461,8.69245981418,SPN,50.0000,null,0.0000,17.1100,28.2315,null,null,null,null,null,null
115,94,40,b,b,Zr,93.90631080000,814.65979690882,8.66659358414,SPN,50.0000,null,0.0000,17.4000,28.71,null,null,null,null,null,null
116,96,40,b,b,Zr,95.90827140000,828.97568304172,8.63516336502,UPN,19.3010,2 b-,3.4000,2.8000,4.62,null,null,null,null,null,null
117,93,41,f,b,Nb,92.90637300000,805.74843758965,8.66396169451,SPN,50.0000,null,0.0000,100.0000,20,null,9/2+,6.1630000000,-0.3200000000,2740.0000,97.904
118,92,42,b,b,Mo,91.90680796000,796.48985444271,8.65749841786,SPN,50.0000,null,0.0000,15.8400,0.19008,null,null,null,null,null,null
119,94,42,b,b,Mo,93.90508490000,814.23704899233,8.66209626588,SPN,50.0000,null,0.0000,9.0600,0.10872,null,null,null,null,null,null
120,95,42,f,f,Mo,94.90583877000,821.60591032072,8.64848326653,SPN,50.0000,null,0.0000,15.7200,0.18864,null,5/2+,-0.9132000000,-0.0220000000,null,null
121,96,42,b,b,Mo,95.90467612000,830.75999916926,8.65374999135,SPN,50.0000,null,0.0000,16.3300,0.19596,null,null,null,null,null,null
122,97,42,f,f,Mo,96.90601812000,837.58102073526,8.63485588387,SPN,50.0000,null,0.0000,9.4600,0.11352,null,5/2+,-0.9324000000,0.2550000000,null,null
123,98,42,b,b,Mo,97.90540482000,846.22339317166,8.63493258338,SPN,50.0000,null,0.0000,23.7800,0.28536,null,null,null,null,null,null
124,100,42,b,b,Mo,99.90747180000,860.44018693737,8.60440186937,UPN,18.8923,2 b-,3.0350,9.1300,0.10956,null,null,null,null,null,null
125,96,44,b,b,Ru,95.90759025000,826.48083676702,8.60917538299,SPN,50.0000,null,0.0000,5.5100,0.0000551,null,null,null,null,null,null
126,98,44,b,b,Ru,97.90528680000,844.76866131290,8.62008838074,SPN,50.0000,null,0.0000,1.8700,0.0000187,null,null,null,null,null,null
127,99,44,f,f,Ru,98.90593410000,852.23679199243,8.60845244437,SPN,50.0000,null,0.0000,12.7200,0.0001272,null,5/2+,-0.6410000000,0.0790000000,null,null
128,100,44,b,b,Ru,99.90421430000,861.90986290891,8.61909862909,SPN,50.0000,null,0.0000,12.6200,0.0001262,null,null,null,null,null,null
129,101,44,f,f,Ru,100.90557690000,868.71169569164,8.60110589794,SPN,50.0000,null,0.0000,17.0700,0.0001707,null,5/2+,-0.7180000000,0.4600000000,null,null
130,102,44,b,b,Ru,101.90434410000,877.93112886768,8.60716793008,SPN,50.0000,null,0.0000,31.6100,0.0003161,null,null,null,null,null,null
131,104,44,b,b,Ru,103.90542750000,893.06412182997,8.58715501760,SPN,50.0000,null,0.0000,18.5700,0.0001857,null,null,null,null,null,null
132,103,45,f,b,Rh,102.90549800000,884.14503110784,8.58393234085,SPN,50.0000,null,0.0000,100.0000,0.001,null,1/2-,-0.0882900000,null,null,null
133,102,46,b,b,Pd,101.90560220000,875.19454902662,8.58033871595,SPN,50.0000,null,0.0000,0.9600,0.000144,null,null,null,null,null,null
134,104,46,b,b,Pd,103.90403050000,892.80075259393,8.58462262110,SPN,50.0000,null,0.0000,10.9700,0.0016455,null,null,null,null,null,null
135,105,46,f,f,Pd,104.90507960000,899.89460885024,8.57042484619,SPN,50.0000,null,0.0000,22.2300,0.0033345,null,5/2+,-0.6420000000,0.6600000000,null,null
136,106,46,b,b,Pd,105.90348040000,909.45534155008,8.57976737311,SPN,50.0000,null,0.0000,27.3300,0.0040995,null,null,null,null,null,null
137,108,46,b,b,Pd,107.90389160000,925.21448500341,8.56680078707,SPN,50.0000,null,0.0000,26.7100,0.0040065,null,null,null,null,null,null
138,110,46,b,b,Pd,109.90517220000,940.16378728311,8.54694352076,SPN,50.0000,null,0.0000,11.8100,0.0017715,null,null,null,null,null,null
139,107,47,f,b,Ag,106.90509160000,915.24327143148,8.55367543394,SPN,50.0000,null,0.0000,51.8200,0.038865,null,1/2-,-0.1135200000,null,null,null
140,109,47,f,b,Ag,108.90475530000,931.69870689913,8.54769455871,SPN,50.0000,null,0.0000,48.1800,0.036135,null,1/2-,-0.1305100000,null,null,null
141,106,48,b,b,Cd,105.90645990000,905.11528736325,8.53882346569,SPN,50.0000,null,0.0000,1.2200,0.00183,null,null,null,null,null,null
142,108,48,b,b,Cd,107.90418340000,923.37800813686,8.54979637164,SPN,50.0000,null,0.0000,0.8800,0.00132,null,null,null,null,null,null
143,110,48,b,b,Cd,109.90300661000,940.61635527691,8.55105777524,SPN,50.0000,null,0.0000,12.3900,0.018585,null,null,null,null,null,null
144,111,48,f,f,Cd,110.90418287000,947.59176271375,8.53686272715,SPN,50.0000,null,0.0000,12.7500,0.019125,null,1/2+,-0.5940000000,null,6.9300,84.803
145,112,48,b,b,Cd,111.90276287000,956.98557162903,8.54451403240,SPN,50.0000,null,0.0000,24.0700,0.036105,null,null,null,null,null,null
146,113,48,f,f,Cd,112.90440813000,963.52410822343,8.52676201968,UPN,15.8865,b-,0.3210,12.2600,0.01839,null,1/2+,-0.6213000000,null,7.6000,88.712
147,114,48,b,b,Cd,113.90336509000,972.56678103474,8.53128755294,SPN,50.0000,null,0.0000,28.8600,0.04329,null,null,null,null,null,null
148,116,48,b,b,Cd,115.90476315000,987.40666999003,8.51212646543,UPN,19.4916,2 b-,2.8090,7.5800,0.01137,null,null,null,null,null,null
149,113,49,f,b,In,112.90406184000,963.06434198620,8.52269329191,SPN,50.0000,null,0.0000,4.2800,0.0107,null,9/2+,5.5208000000,0.7590000000,83.8000,87.463
150,115,49,f,b,In,114.90387877600,979.37703898814,8.51632207816,UPN,14.6434,b-,0.4990,95.7200,0.2393,null,9/2+,5.5326000000,0.7700000000,1890.0000,87.650
151,112,50,b,b,Sn,111.90482387000,953.50109498757,8.51340263382,SPN,50.0000,null,0.0000,0.9600,0.02208,null,null,null,null,null,null
152,114,50,b,b,Sn,113.90278270000,971.54460719966,8.52232111579,SPN,50.0000,null,0.0000,0.6600,0.01518,null,null,null,null,null,null
153,115,50,f,f,Sn,114.90334469900,979.09219527732,8.51384517632,SPN,50.0000,null,0.0000,0.3500,0.00805,null,1/2+,-0.9174000000,null,0.6930,136.828
154,116,50,b,b,Sn,115.90174280000,988.65544208039,8.52289174207,SPN,50.0000,null,0.0000,14.3000,0.3289,null,null,null,null,null,null
155,117,50,f,f,Sn,116.90295398000,995.59832173509,8.50938736526,SPN,50.0000,null,0.0000,7.6100,0.17503,null,1/2+,-0.9995000000,null,19.5400,142.529
156,118,50,b,b,Sn,117.90160657000,1004.92451347670,8.51630943624,SPN,50.0000,null,0.0000,24.0300,0.55269,null,null,null,null,null,null
157,119,50,f,f,Sn,118.90331117000,1011.40777519740,8.49922500166,SPN,50.0000,null,0.0000,8.5800,0.19734,null,1/2+,-1.0459000000,null,25.2000,149.163
158,120,50,b,b,Sn,119.90220163000,1020.51239238190,8.50426993652,SPN,50.0000,null,0.0000,32.8500,0.75555,null,null,null,null,null,null
159,122,50,b,b,Sn,121.90344380000,1035.49749198880,8.48768436056,SPN,50.0000,null,0.0000,4.9200,0.11316,null,null,null,null,null,null
160,124,50,b,b,Sn,123.90527660000,1049.93242309750,8.46719696046,SPN,50.0000,null,0.0000,5.9400,0.13662,null,null,null,null,null,null
161,121,51,f,b,Sb,120.90381200000,1026.30109540350,8.48182723474,SPN,50.0000,null,0.0000,57.2500,0.1145,null,5/2+,3.3580000000,-0.5430000000,520.0000,95.722
162,123,51,f,b,Sb,122.90421320000,1042.06955380020,8.47211019350,SPN,50.0000,null,0.0000,42.7500,0.0855,null,7/2+,2.5457000000,-0.6920000000,111.0000,51.836
163,120,52,b,b,Te,119.90405930000,1017.21731648320,8.47681097069,SPN,50.0000,null,0.0000,0.8900,0.0000089,null,null,null,null,null,null
164,122,52,b,b,Te,121.90304350000,1034.30570235050,8.47791559304,SPN,50.0000,null,0.0000,2.4600,0.0000246,null,null,null,null,null,null
165,123,52,f,f,Te,122.90426980000,1041.23449781090,8.46532112041,SPN,14.7781,null,0.0000,0.8700,0.0000087,null,1/2+,-0.7358000000,null,0.8900,126.199
166,124,52,b,b,Te,123.90281710000,1050.65876659090,8.47305456928,SPN,50.0000,null,0.0000,4.6100,0.0000461,null,null,null,null,null,null
167,125,52,f,f,Te,124.90442990000,1057.22753949130,8.45782031593,SPN,50.0000,null,0.0000,6.9900,0.0000699,null,1/2+,-0.8870000000,null,12.5000,104.679
168,126,52,b,b,Te,125.90331090000,1066.34096861220,8.46302356041,SPN,50.0000,null,0.0000,18.7100,0.0001871,null,null,null,null,null,null
169,128,52,b,b,Te,127.90446128000,1081.41157008400,8.44852789128,UPN,24.3424,2 b-,2.5300,31.7900,0.0003179,null,null,null,null,null,null
170,130,52,b,b,Te,129.90622274800,1095.91294654660,8.43009958882,UPN,18.9448,2 b-,0.8680,34.4800,0.0003448,null,null,null,null,null,null
171,127,53,f,b,I,126.90447190000,1072.54825724260,8.44526186805,SPN,50.0000,null,0.0000,100.0000,0.45,null,5/2+,2.8087000000,-0.6960000000,530.0000,80.034
172,124,54,b,b,Xe,123.90589200000,1046.22984784460,8.43733748262,UPN,22.2553,KK,2.8640,0.0961,null,null,null,null,null,null,null
173,126,54,b,b,Xe,125.90429830000,1063.85654428730,8.44330590704,SPN,50.0000,null,0.0000,0.0900,null,null,null,null,null,null,null
174,128,54,b,b,Xe,127.90353100000,1080.71345381270,8.44307385791,SPN,50.0000,null,0.0000,1.9200,null,null,null,null,null,null,null
175,129,54,f,f,Xe,128.90478086110,1087.62030224190,8.43116513366,SPN,50.0000,null,0.0000,26.4400,null,null,1/2+,-0.7779610000,null,31.8000,110.632
176,130,54,b,b,Xe,129.90350934900,1096.87579551980,8.43750611938,SPN,50.0000,null,0.0000,4.0800,null,null,null,null,null,null,null
177,131,54,f,f,Xe,130.90508406000,1103.48004810790,8.42351181762,SPN,50.0000,null,0.0000,21.1800,null,null,3/2+,0.6918450000,-0.1140000000,null,null
178,132,54,b,b,Xe,131.90415508560,1112.41646945910,8.42739749590,SPN,50.0000,null,0.0000,26.8900,null,null,null,null,null,null,null
179,134,54,b,b,Xe,133.90539466000,1127.40398685280,8.41346258845,SPN,50.0000,null,0.0000,10.4400,null,null,null,null,null,null,null
180,136,54,b,b,Xe,135.90721448400,1141.85100503200,8.39596327229,UPN,21.3354,2 b-,2.4620,8.8700,null,null,null,null,null,null,null
181,133,55,f,b,Cs,132.90545196100,1118.49719092430,8.40975331522,SPN,50.0000,null,0.0000,100.0000,3,null,7/2+,2.5778000000,-0.0034300000,269.0000,52.465
182,137,55,f,b,Cs,136.90708900000,1149.25664621850,8.38873464393,UPN,1.5092,g or b-,0.6617,0.0000,0,null,7/2+,2.8374000000,0.0480000000,null,null
183,130,56,b,b,Ba,129.90632070000,1092.69237117360,8.40532593210,UPN,21.0792,KK,2.6200,0.1010,0.42925,null,null,null,null,null,null
184,132,56,b,b,Ba,131.90506110000,1110.00785535940,8.40915041939,SPN,50.0000,null,0.0000,0.0970,0.41225,null,null,null,null,null,null
185,134,56,b,b,Ba,133.90450818000,1126.66507112960,8.40794829201,SPN,50.0000,null,0.0000,2.4200,10.285,null,null,null,null,null,null
186,135,56,f,f,Ba,134.90568838000,1133.63680847880,8.39730969244,SPN,50.0000,null,0.0000,6.5900,28.0075,null,3/2+,0.8381000000,0.1600000000,null,null
187,136,56,b,b,Ba,135.90457573000,1142.74432261060,8.40253178390,SPN,50.0000,null,0.0000,7.8100,33.1925,null,null,null,null,null,null
188,137,56,f,f,Ba,136.90582714000,1149.64972824830,8.39160385583,SPN,50.0000,null,0.0000,11.3200,48.11,null,3/2+,0.9375000000,0.2450000000,4.4100,44.452
189,138,56,b,b,Ba,137.90524700000,1158.26121233260,8.39319719082,SPN,50.0000,null,0.0000,71.6600,304.555,null,null,null,null,null,null
190,138,57,b,f,La,137.90711490000,1155.73894065690,8.37491985983,UPN,11.0090,K or b-,1.7370,0.0890,0.03471,null,5+,3.7084000000,0.3900000000,null,null
191,139,57,f,b,La,138.90635630000,1164.51665922000,8.37781769223,SPN,50.0000,null,0.0000,99.9110,38.96529,null,7/2+,2.7791000000,0.2000000000,336.0000,56.502
192,136,58,b,b,Ce,135.90712921000,1138.80110363980,8.37353752676,SPN,50.0000,null,0.0000,0.1930,0.128345,null,null,null,null,null,null
193,138,58,b,b,Ce,137.90599100000,1156.00351372840,8.37683705600,SPN,50.0000,null,0.0000,0.2500,0.16625,null,null,null,null,null,null
194,140,58,b,b,Ce,139.90544310000,1172.65605339700,8.37611466712,SPN,50.0000,null,0.0000,88.4800,58.8392,null,null,null,null,null,null
195,142,58,b,b,Ce,141.90925040000,1185.25174894410,8.34684330242,SPN,50.0000,null,0.0000,11.0700,7.36155,null,null,null,null,null,null
196,141,59,f,b,Pr,140.90765760000,1177.88201274700,8.35377314005,SPN,50.0000,null,0.0000,100.0000,9.2,null,5/2+,4.2660000000,-0.0770000000,1700.0000,117.164
197,142,60,b,b,Nd,141.90772900000,1185.10425760320,8.34580463101,SPN,50.0000,null,0.0000,27.1100,11.25065,null,null,null,null,null,null
198,143,60,f,f,Nd,142.90982000000,1191.22758991340,8.33026286653,SPN,50.0000,null,0.0000,12.1700,5.05055,null,7/2-,-1.0650000000,-0.6100000000,null,null
199,144,60,b,b,Nd,143.91009300000,1199.04437892190,8.32669707585,UPN,15.3602,A,1.9050,23.8500,9.89775,null,null,null,null,null,null
200,145,60,f,f,Nd,144.91257930000,1204.79949152200,8.30896201050,SPN,50.0000,null,0.0000,8.3000,3.4445,null,7/2-,-0.6560000000,-0.3140000000,null,null
201,146,60,b,b,Nd,145.91312260000,1212.36449761230,8.30386642200,SPN,50.0000,null,0.0000,17.2200,7.1463,null,null,null,null,null,null
202,148,60,b,b,Nd,147.91689930000,1224.98869688600,8.27695065463,SPN,50.0000,null,0.0000,5.7300,2.37795,null,null,null,null,null,null
203,150,60,b,b,Nd,149.92090220000,1237.40219214140,8.24934794761,UPN,18.8979,2 b-,3.3670,5.6200,2.3323,null,null,null,null,null,null
204,144,62,b,b,Sm,143.91200650000,1195.69729769470,8.30345345621,SPN,50.0000,null,0.0000,3.0900,0.217845,null,null,null,null,null,null
205,147,62,f,f,Sm,146.91490440000,1217.21118115030,8.28034817109,UPN,11.0257,a,2.3100,14.9700,1.055385,null,7/2-,-0.8090000000,-0.2600000000,null,null
206,148,62,b,b,Sm,147.91482920000,1225.35231648590,8.27940754382,UPN,15.8454,a,1.9860,11.2400,0.79242,null,null,null,null,null,null
207,149,62,f,f,Sm,148.91719210000,1231.22237548670,8.26323741937,SPN,50.0000,null,0.0000,13.8300,0.975015,null,7/2-,-0.6677000000,-0.0780000000,null,null
208,150,62,b,b,Sm,149.91728290000,1239.20888276290,8.26139255175,SPN,50.0000,null,0.0000,7.4400,0.52452,null,null,null,null,null,null
209,152,62,b,b,Sm,151.91973970000,1253.06256140750,8.24383264084,SPN,50.0000,null,0.0000,76.7200,5.40876,null,null,null,null,null,null
210,154,62,b,b,Sm,153.92221690000,1266.89723756760,8.22660543875,SPN,50.0000,null,0.0000,22.7100,1.601055,null,null,null,null,null,null
211,151,63,f,b,Eu,150.91985780000,1244.09913155500,8.23906709639,UPN,18.6993,a,1.9644,47.8200,0.9564,null,5/2+,3.4635000000,0.3918000000,480.0000,99.202
212,153,63,f,b,Eu,152.92123800000,1258.95565699910,8.22846834640,SPN,50.0000,null,0.0000,52.1800,1.0436,null,5/2+,1.5294000000,2.2200000000,45.0000,43.806
213,152,64,b,b,Gd,151.91979950000,1251.44219122630,8.23317231070,UPN,14.0414,a,2.2030,0.2000,0.0124,null,null,null,null,null,null
214,154,64,b,b,Gd,153.92087410000,1266.58338133870,8.22456741129,SPN,50.0000,null,0.0000,2.1500,0.1333,null,null,null,null,null,null
215,155,64,f,f,Gd,154.92263050000,1273.01839165290,8.21302188163,SPN,50.0000,null,0.0000,14.7300,0.91326,null,3/2-,-0.2591000000,1.2700000000,null,null
216,156,64,b,b,Gd,155.92213120000,1281.55457373530,8.21509342138,SPN,50.0000,null,0.0000,20.4700,1.26914,null,null,null,null,null,null
217,157,64,f,f,Gd,156.92396860000,1287.91413300840,8.20327473254,SPN,50.0000,null,0.0000,15.6800,0.97216,null,3/2-,-0.3398000000,1.3600000000,null,null
218,158,64,b,b,Gd,157.92411230000,1295.85136423430,8.20159091288,SPN,50.0000,null,0.0000,24.8700,1.54194,null,null,null,null,null,null
219,160,64,b,b,Gd,159.92706240000,1309.24553672410,8.18278460453,SPN,50.0000,null,0.0000,21.9000,1.3578,null,null,null,null,null,null
220,159,65,f,b,Tb,158.92535470000,1301.98282922590,8.18857125299,SPN,50.0000,null,0.0000,100.0000,1.2,null,3/2+,2.0090000000,1.4320000000,330.0000,90.714
221,156,66,b,b,Dy,155.92428470000,1277.98393386800,8.19220470428,SPN,50.0000,null,0.0000,0.0520,0.002704,null,null,null,null,null,null
222,158,66,b,b,Dy,157.92441590000,1294.00389573460,8.18989807427,SPN,50.0000,null,0.0000,0.0900,0.00468,null,null,null,null,null,null
223,160,66,b,b,Dy,159.92520460000,1309.41140007700,8.18382125048,SPN,50.0000,null,0.0000,2.2900,0.11908,null,null,null,null,null,null
224,161,66,f,f,Dy,160.92694050000,1315.86550602510,8.17307767717,SPN,50.0000,null,0.0000,18.8800,0.98176,null,5/2+,-0.4790000000,2.5100000000,null,null
225,162,66,b,b,Dy,161.92680560000,1324.06225157230,8.17322377514,SPN,50.0000,null,0.0000,25.5300,1.32756,null,null,null,null,null,null
226,163,66,f,f,Dy,162.92873830000,1330.33303943540,8.16155238917,SPN,50.0000,null,0.0000,24.9700,1.29844,null,5/2-,0.6710000000,2.6500000000,null,null
227,164,66,b,b,Dy,163.92918190000,1337.99091551070,8.15848119214,SPN,50.0000,null,0.0000,28.1800,1.46536,null,null,null,null,null,null
228,165,67,f,b,Ho,164.93032880000,1344.21133821110,8.14673538310,SPN,50.0000,null,0.0000,100.0000,1.3,null,7/2-,4.1600000000,3.5800000000,1000.0000,82.052
229,162,68,b,b,Er,161.92878840000,1320.65061778770,8.15216430733,SPN,50.0000,null,0.0000,0.1360,0.00476,null,null,null,null,null,null
230,164,68,b,b,Er,163.92920880000,1336.40119149310,8.14878775301,SPN,50.0000,null,0.0000,1.5600,0.0546,null,null,null,null,null,null
231,166,68,b,b,Er,165.93029950000,1351.52738454680,8.14173123221,SPN,50.0000,null,0.0000,33.4100,1.16935,null,null,null,null,null,null
232,167,68,f,f,Er,166.93205460000,1357.96360580360,8.13151859763,SPN,50.0000,null,0.0000,22.9400,0.8029,null,7/2+,-0.5623000000,3.5700000000,null,null
233,168,68,b,b,Er,167.93237670000,1365.73465844040,8.12937296691,SPN,50.0000,null,0.0000,27.0700,0.94745,null,null,null,null,null,null
234,170,68,b,b,Er,169.93547020000,1378.99525464280,8.11173679202,SPN,50.0000,null,0.0000,14.8800,0.5208,null,null,null,null,null,null
235,169,69,f,b,Tm,168.93421790000,1371.30834462510,8.11425055991,SPN,50.0000,null,0.0000,100.0000,0.52,null,1/2+,-0.2310000000,null,null,null
236,170,70,b,b,Yb,169.93476640000,1378.08617353470,8.10638925609,SPN,50.0000,null,0.0000,3.0300,0.09696,null,null,null,null,null,null
237,171,70,f,f,Yb,170.93633020000,1384.70058965750,8.09766426700,SPN,50.0000,null,0.0000,14.3100,0.45792,null,1/2-,0.4923000000,null,null,null
238,172,70,b,b,Yb,171.93638590000,1392.71979238470,8.09720809526,SPN,50.0000,null,0.0000,21.8100,0.69792,null,null,null,null,null,null
239,173,70,f,f,Yb,172.93821510000,1399.08698991140,8.08720803417,SPN,50.0000,null,0.0000,16.1300,0.51616,null,5/2-,-0.6780000000,2.8000000000,null,null
240,174,70,b,b,Yb,173.93886640000,1406.55139461360,8.08362870468,SPN,50.0000,null,0.0000,31.8400,1.01888,null,null,null,null,null,null
241,176,70,b,b,Yb,175.94257640000,1419.23772455940,8.06385070772,SPN,50.0000,null,0.0000,12.7300,0.40736,null,null,null,null,null,null
242,175,71,f,b,Lu,174.94077520000,1412.06211178140,8.06892635304,SPN,50.0000,null,0.0000,97.4100,0.48705,null,7/2+,2.2257000000,3.4900000000,156.0000,45.630
243,176,71,b,f,Lu,175.94268970000,1418.34985284140,8.05880598205,UPN,10.5756,b-,1.1930,2.5900,0.01295,null,7-,3.1600000000,4.9200000000,null,null
244,174,72,b,b,Hf,173.94004610000,1403.88784392830,8.06832094212,UPN,15.3015,a,2.4970,0.1800,0.0054,null,null,null,null,null,null
245,176,72,b,b,Hf,175.94140760000,1418.76178831640,8.06114652453,SPN,50.0000,null,0.0000,5.2000,0.156,null,null,null,null,null,null
246,177,72,f,f,Hf,176.94322770000,1425.13746244160,8.05162408159,SPN,50.0000,null,0.0000,18.5000,0.555,null,7/2-,0.7910000000,3.3700000000,null,null
247,178,72,b,b,Hf,177.94370580000,1432.76320196230,8.04923147170,SPN,50.0000,null,0.0000,27.1400,0.8142,null,null,null,null,null,null
248,179,72,f,f,Hf,178.94582320000,1438.86194282210,8.03833487610,SPN,50.0000,null,0.0000,13.7500,0.4125,null,9/2+,-0.6389000000,3.7900000000,null,null
249,180,72,b,b,Hf,179.94655700000,1446.24949924170,8.03471944023,SPN,50.0000,null,0.0000,35.2400,1.0572,null,null,null,null,null,null
250,180,73,b,f,Ta,179.94746480000,1444.62155527570,8.02567530709,SPN,15.0000,null,0.0000,0.0123,0.000246,null,9-,4.8140000000,4.8000000000,null,null
251,181,73,f,b,Ta,180.94799580000,1452.19801874620,8.02319347374,SPN,50.0000,null,0.0000,99.9880,1.99976,null,7/2+,2.3705000000,3.1700000000,204.0000,47.958
252,180,74,b,b,W,179.94671080000,1444.54156859320,8.02523093663,UPN,18.2555,a,2.5090,0.1400,0.00175,null,null,null,null,null,null
253,182,74,b,b,W,181.94820394000,1459.29289106730,8.01809280806,SPN,50.0000,null,0.0000,26.4100,0.330125,null,null,null,null,null,null
254,183,74,f,f,W,182.95022275000,1465.48346795340,8.00810638226,SPN,50.0000,null,0.0000,14.4000,0.18,null,1/2-,0.1173900000,null,null,null
255,184,74,b,b,W,183.95093092000,1472.89489857280,8.00486357920,SPN,50.0000,null,0.0000,30.6400,0.383,null,null,null,null,null,null
256,186,74,b,b,W,185.95436280000,1485.84029572260,7.98838868668,SPN,50.0000,null,0.0000,28.4100,0.355125,null,null,null,null,null,null
257,185,75,f,b,Re,184.95295450000,1478.29869882100,7.99080377741,SPN,50.0000,null,0.0000,37.0700,0.00025949,null,5/2+,3.1760000000,2.1800000000,280.0000,90.098
258,187,75,f,b,Re,186.95575010000,1491.83678718530,7.97773682987,UPN,10.6151,b-,0.0026,62.9300,0.00044051,null,5/2+,3.2090000000,2.0700000000,490.0000,91.006
259,184,76,b,b,Os,183.95248850000,1469.87935480880,7.98847475440,SPN,50.0000,null,0.0000,0.0180,0.00000027,null,null,null,null,null,null
260,186,76,b,b,Os,185.95383500000,1484.76727161190,7.98261973985,UPN,15.3015,a,2.8230,1.5900,0.00002385,null,null,null,null,null,null
261,187,76,f,f,Os,186.95574740000,1491.05696881000,7.97356667813,SPN,50.0000,null,0.0000,1.6400,0.0000246,null,1/2-,0.0644200000,null,null,null
262,188,76,b,b,Os,187.95583520000,1499.04627056920,7.97365037537,SPN,50.0000,null,0.0000,13.3000,0.0001995,null,null,null,null,null,null
263,189,76,f,f,Os,188.95814420000,1504.96653711460,7.96278591066,SPN,50.0000,null,0.0000,16.1000,0.0002415,null,3/2-,0.6576000000,0.8600000000,null,null
264,190,76,b,b,Os,189.95844370000,1512.75864152330,7.96188758696,SPN,50.0000,null,0.0000,26.4000,0.000396,null,null,null,null,null,null
265,192,76,b,b,Os,191.96147700000,1526.07531368460,7.94830892544,SPN,50.0000,null,0.0000,41.0000,0.000615,null,null,null,null,null,null
266,191,77,f,b,Ir,190.96058930000,1518.04878083290,7.94789937609,SPN,50.0000,null,0.0000,37.3000,0.000373,null,3/2+,0.1502000000,0.8160000000,null,null
267,193,77,f,b,Ir,192.96292160000,1532.01843052200,7.93791932913,SPN,50.0000,null,0.0000,62.7000,0.000627,null,3/2+,0.1630000000,0.7510000000,null,null
268,190,78,b,b,Pt,189.95992970000,1509.80977412370,7.94636723223,UPN,11.8129,a,3.2520,0.0127,0.000000635,null,null,null,null,null,null
269,192,78,b,b,Pt,191.96103870000,1524.91892083100,7.94228604599,SPN,50.0000,null,0.0000,0.7800,0.000039,null,null,null,null,null,null
270,194,78,b,b,Pt,193.96268090000,1539.53139475970,7.93572883897,SPN,50.0000,null,0.0000,32.9000,0.001645,null,null,null,null,null,null
271,195,78,f,f,Pt,194.96479170000,1545.63628348210,7.92633991529,SPN,50.0000,null,0.0000,33.8000,0.00169,null,1/2-,0.6073000000,null,19.1000,85.996
272,196,78,b,b,Pt,195.96495209000,1553.55796806750,7.92631616361,SPN,50.0000,null,0.0000,25.3000,0.001265,null,null,null,null,null,null
273,198,78,b,b,Pt,197.96789490000,1566.95893115100,7.91393399571,SPN,50.0000,null,0.0000,7.2100,0.0003605,null,null,null,null,null,null
274,197,79,f,b,Au,196.96656879000,1559.34077473010,7.91543540472,SPN,50.0000,null,0.0000,100.0000,0.004,null,3/2+,0.1452000000,0.5470000000,null,null
275,196,80,b,b,Hg,195.96583260000,1551.17311117190,7.91414852639,SPN,50.0000,null,0.0000,0.1460,0.0001241,null,null,null,null,null,null
276,198,80,b,b,Hg,197.96676860000,1566.44340639900,7.91133033535,SPN,50.0000,null,0.0000,10.0200,0.008517,null,null,null,null,null,null
277,199,80,f,f,Hg,198.96828064000,1573.10603666840,7.90505546065,SPN,50.0000,null,0.0000,16.8400,0.014314,null,1/2-,0.5039000000,null,5.4200,71.643
278,200,80,b,b,Hg,199.96832659000,1581.13432146540,7.90567160733,SPN,50.0000,null,0.0000,23.1300,0.0196605,null,null,null,null,null,null
279,201,80,f,f,Hg,200.97030284000,1587.36454275040,7.89733603358,SPN,50.0000,null,0.0000,13.2200,0.011237,null,3/2-,-0.5580000000,0.3870000000,null,null
280,202,80,b,b,Hg,201.97064340000,1595.11840000180,7.89662574258,SPN,50.0000,null,0.0000,29.8000,0.02533,null,null,null,null,null,null
281,204,80,b,b,Hg,203.97349398000,1608.60527480770,7.88531997455,SPN,50.0000,null,0.0000,6.8500,0.0058225,null,null,null,null,null,null
282,203,81,f,b,Tl,202.97234460000,1600.82249539320,7.88582510046,SPN,50.0000,null,0.0000,29.5000,0.25075,null,1/2+,1.6160000000,null,null,null
283,205,81,f,b,Tl,204.97442780000,1615.02418032080,7.87816673327,SPN,50.0000,null,0.0000,70.5000,0.59925,null,1/2+,1.6320000000,null,null,null
284,204,82,b,b,Pb,203.97304400000,1607.45976180790,7.87970471474,SPN,50.0000,null,0.0000,1.4800,0.2072,null,null,null,null,null,null
285,206,82,b,b,Pb,205.97446570000,1622.27763023710,7.87513412736,SPN,50.0000,null,0.0000,23.6000,3.304,null,null,null,null,null,null
286,207,82,f,f,Pb,206.97589730000,1629.01518991080,7.86963859860,SPN,50.0000,null,0.0000,22.6000,3.164,null,1/2-,0.5906000000,null,11.8000,83.432
287,208,82,b,b,Pb,207.97665250000,1636.38281235180,7.86722505938,SPN,50.0000,null,0.0000,52.3000,7.322,null,null,null,null,null,null
288,209,83,f,b,Bi,208.98039910000,1640.18162923330,7.84775899155,UPN,19.2788,a,3.1370,100.0000,0.0085,null,9/2-,4.0920000000,-0.5160000000,777.0000,64.277
289,232,90,b,b,Th,232.03805580000,1766.63340613910,7.61479916439,UPN,10.1480,a or SF,4.0830,100.0000,9.6,null,null,null,null,null,null
290,235,92,f,f,U,235.04393010000,1783.81012304030,7.59068137464,UPN,8.8476,a or SF,4.6790,0.7200,0.01944,null,7/2-,-0.3800000000,4.9360000000,null,null
291,238,92,b,b,U,238.05078840000,1801.63491633740,7.56989460646,UPN,9.6504,a or SF or 2 b-,4.2700,99.2745,2.6804115,null,null,null,13.9000000000,null,null
292,239,94,f,f,Pu,239.05216360000,1806.86034547150,7.56008512750,SYN,4.3822,"SF, a, g, b-",5.1443,null,null,null,1/2+,0.2020000000,null,null,null
293,0,0,b,b,nu,0.00000000000,0.00000000000,0.00000000000,SPN,50.0000,null,0.0000,0.0000,0,0,null,null,null,null,null
