id,A,Z,nBorF,aBorF,E,AMU,BE,BEN,SUS,LHL,RDM,DEMeV,pcaNCrust,ppmNCrust,ppmNSolar,SP,MD,EQ,RCPT,Inova_MHz,MagGR
1,0,-1,b,f,e-,0.00054860000,0.00000000000,0.00000000000,SPN,50.0000,null,0.0000,100.0000,null,null,null,null,null,null,null,null
2,1,0,f,f,n*,1.00866491582,0.00000000000,0.00000000000,UPN,-4.6070,null,0.0000,100.0000,null,null,1/2+,-1.9130427000,null,null,null,-18.32471830
3,1,1,f,b,H,1.00782503224,0.00000000000,0.00000000000,SPN,50.0000,null,0.0000,99.9850,1399.79,705700,1/2+,2.7928473510,null,5700.0000,400.000,26.75222080
4,2,1,b,f,D,2.01410177811,2.22411411070,1.11205705535,SPN,50.0000,null,0.0000,0.0150,0.21,23,1+,0.8574382310,0.0028600000,0.0082,61.403,4.10662920
5,3,1,f,b,T,3.01604928199,8.48111224352,2.82703741451,SYN,1.0906,B-,0.0186,0.0000,0,null,1/2+,2.9789624600,null,6897.0000,426.656,28.53498650
6,3,2,f,f,He,3.01602932265,7.71737084564,2.57245694855,SPN,50.0000,null,0.0000,0.0001,null,35,1/2+,-2.1276253100,null,null,null,-20.37894730
7,4,2,b,b,He,4.00260325413,28.29476455561,7.07369113890,SPN,50.0000,null,0.0000,99.9999,null,275200,null,null,null,null,null,null
8,6,3,b,f,Li,6.01512288742,31.99263760101,5.33210626683,SPN,50.0000,null,0.0000,7.4200,1.484,null,1+,0.8220430000,-0.0008060000,3.5800,58.864,3.93712700
9,7,3,f,b,Li,7.01600343666,39.24349793516,5.60621399074,SPN,50.0000,null,0.0000,92.5800,18.516,null,3/2-,3.2564070000,-0.0400000000,1540.0000,155.455,10.39770400
10,9,4,f,f,Be,9.01218306600,58.16199207030,6.46244356337,SPN,50.0000,null,0.0000,100.0000,2.8,null,3/2-,-1.1774300000,0.0529000000,78.8000,56.207,-3.75066000
11,10,5,b,f,B,10.01293686200,64.74858891927,6.47485889193,SPN,50.0000,null,0.0000,19.6000,1.96,null,3+,1.8004636000,0.0845000000,22.0000,42.975,2.87467955
12,11,5,f,b,B,11.00930516600,76.20258012611,6.92750728419,SPN,50.0000,null,0.0000,80.4000,8.04,null,3/2-,2.6883780000,0.0405900000,754.0000,128.286,8.58470700
13,12,6,b,b,C,12.00000000000,92.15904307956,7.67992025663,SPN,50.0000,null,0.0000,98.8900,197.78,3032,null,null,null,null,null,null
14,13,6,f,f,C,13.00335483521,97.10512005305,7.46962461947,SPN,50.0000,null,0.0000,1.1100,2.22,37,1/2-,0.7023690000,null,1.0000,100.589,6.72828600
15,14,6,b,b,C,14.00324198843,105.28132315081,7.52009451077,UPN,3.7581,B-,0.1565,0.0000,0,null,3-,0.8200000000,null,null,null,null
16,14,7,b,f,N,14.00307400446,104.65546585700,7.47539041836,SPN,50.0000,null,0.0000,99.6300,18.9297,1105,1+,0.4035730000,0.0204400000,null,null,1.93377980
17,15,7,f,b,N,15.00010889894,115.48853180891,7.69923545393,SPN,50.0000,null,0.0000,0.3700,0.0703,null,1/2-,-0.2830569000,null,0.0220,40.547,-2.71261890
18,16,8,b,b,O,15.99491461960,127.61572713267,7.97598294579,SPN,50.0000,null,0.0000,99.7590,459888.99,9592,null,null,null,null,null,null
19,17,8,f,f,O,16.99913175664,131.75857483770,7.75050440222,SPN,50.0000,null,0.0000,0.0370,170.57,null,5/2+,-1.8935430000,-0.0256000000,0.0610,50.227,-3.62806000
20,18,8,b,b,O,17.99915961284,139.80371390688,7.76687299483,SPN,50.0000,null,0.0000,0.2040,940.44,null,null,null,null,null,null,null
21,19,9,f,b,F,18.99840316288,147.79709630986,7.77879454262,SPN,50.0000,null,0.0000,100.0000,585,null,1/2+,2.6283210000,null,4730.0000,376.345,25.16233000
22,20,10,b,b,Ne,19.99244017619,160.64033817431,8.03201690872,SPN,50.0000,null,0.0000,90.9200,null,1548,null,null,null,null,null,null
23,21,10,f,f,Ne,20.99384668500,167.40127014932,7.97148905473,SPN,50.0000,null,0.0000,0.2570,null,null,3/2+,-0.6617000000,0.1020000000,null,null,-2.11308100
24,22,10,b,b,Ne,21.99138510900,177.76530120658,8.08024096394,SPN,50.0000,null,0.0000,8.8200,null,208,null,null,null,null,null,null
25,23,11,f,b,Na,22.98976928199,186.55918846204,8.11126906357,SPN,50.0000,null,0.0000,100.0000,23600,33,3/2+,2.2175000000,0.1040000000,525.0000,105.808,7.08085160
26,24,12,b,b,Mg,23.98504169700,198.25166064327,8.26048586014,SPN,50.0000,null,0.0000,78.7000,18337.1,513,null,null,null,null,null,null
27,25,12,f,f,Mg,24.98583696400,205.58196090073,8.22327843603,SPN,50.0000,null,0.0000,10.1300,2360.29,69,5/2+,-0.8553300000,0.1990000000,null,null,-1.63884000
28,26,12,b,b,Mg,25.98259297100,216.67480895996,8.33364649846,SPN,50.0000,null,0.0000,11.1700,2602.61,79,null,null,null,null,null,null
29,27,13,f,b,Al,26.98153840800,224.94588197047,8.33132896187,SPN,50.0000,null,0.0000,100.0000,82300,58,5/2+,3.6407000000,0.1466000000,1170.0000,104.227,6.97627800
30,28,14,b,b,Si,27.97692653499,236.53056909801,8.44752032493,SPN,50.0000,null,0.0000,92.2100,260032.2,653,null,null,null,null,null,null
31,29,14,f,f,Si,28.97649466525,245.00394027528,8.44841173363,SPN,50.0000,null,0.0000,4.7000,13254,34,1/2+,-0.5550520000,null,2.0900,79.468,-5.31903000
32,30,14,b,b,Si,29.97377013600,255.61291079491,8.52043035983,SPN,50.0000,null,0.0000,3.0900,8713.8,23,null,null,null,null,null,null
33,31,15,f,b,P,30.97376199863,262.90924426058,8.48094336324,SPN,50.0000,null,0.0000,100.0000,1050,null,1/2+,1.1309250000,null,377.0000,161.923,10.83940000
34,32,16,b,b,S,31.97207117443,271.77299097355,8.49290596792,SPN,50.0000,null,0.0000,95.0000,332.5,396,null,null,null,null,null,null
35,33,16,f,f,S,32.97145890985,280.41439892209,8.49740602794,SPN,50.0000,null,0.0000,0.7600,2.66,null,3/2+,0.6432500000,-0.0678000000,null,null,2.05568500
36,34,16,b,b,S,33.96786701200,291.83131837772,8.58327406993,SPN,50.0000,null,0.0000,4.2200,14.77,null,null,null,null,null,null,null
37,35,17,f,b,Cl,34.96885269400,298.20191473166,8.52005470662,SPN,50.0000,null,0.0000,75.5300,109.5185,null,3/2+,0.8217000000,-0.8170000000,null,null,2.62419910
38,37,17,f,b,Cl,36.96590258400,317.09209940329,8.57005674063,SPN,50.0000,null,0.0000,24.4700,35.4815,null,3/2+,0.6840000000,-0.0644000000,null,null,2.18436880
39,36,18,b,b,Ar,35.96754510500,306.70868002741,8.51968555632,SPN,50.0000,null,0.0000,0.3370,null,77,null,null,null,null,null,null
40,38,18,b,b,Ar,37.96273210400,327.33413710958,8.61405623973,SPN,50.0000,null,0.0000,0.0630,null,null,null,null,null,null,null,null
41,40,18,b,b,Ar,39.96238312378,343.80138413029,8.59503460326,SPN,50.0000,null,0.0000,99.6000,null,null,null,null,null,null,null,null
42,39,19,f,b,K,38.96370648661,333.71525878127,8.55680150721,SPN,50.0000,null,0.0000,93.1000,19457.9,null,3/2+,0.3914700000,0.0585000000,null,null,1.25006120
43,40,19,b,f,K,39.96399816600,341.51464804390,8.53786620110,UPN,9.0969,B- or K or B+,1.5050,0.0118,2.4662,null,4-,-1.2979700000,-0.0730000000,null,null,-1.55428600
44,41,19,f,b,K,40.96182525796,351.60978653214,8.57584845200,SPN,50.0000,null,0.0000,6.8800,1437.92,null,3/2+,0.2148720000,0.0711000000,null,null,0.68614062
45,40,20,b,b,Ca,39.96259086500,342.04320754101,8.55108018853,SPN,50.0000,null,0.0000,96.9700,40242.55,60,null,null,null,null,null,null
46,42,20,b,b,Ca,41.95861782800,361.88624291679,8.61633911707,SPN,50.0000,null,0.0000,0.6400,265.6,null,null,null,null,null,null,null
47,43,20,f,f,Ca,42.95876643000,369.81890795747,8.60043971994,SPN,50.0000,null,0.0000,0.1450,60.175,null,7/2-,-1.3173300000,-0.0408000000,null,null,-1.80306900
48,44,20,b,b,Ca,43.95548154300,380.94984854598,8.65795110332,SPN,50.0000,null,0.0000,2.0600,854.9,null,null,null,null,null,null,null
49,46,20,b,b,Ca,45.95368798800,398.76270878866,8.66875453888,SPN,50.0000,null,0.0000,0.0033,1.3695,null,null,null,null,null,null,null
50,48,20,b,b,Ca,47.95252290400,415.99015185604,8.66646149700,UPN,19.3619,2 B-,4.2740,0.1800,74.7,null,null,null,null,null,null,null
51,45,21,f,b,Sc,44.95590750300,387.84182277129,8.61870717270,SPN,50.0000,null,0.0000,100.0000,22,null,7/2-,4.7540000000,-0.2200000000,1710.0000,97.167,6.50880000
52,46,22,b,b,Ti,45.95262685600,398.18648041382,8.65622783508,SPN,50.0000,null,0.0000,7.9300,444.08,null,null,null,null,null,null,null
53,47,22,f,f,Ti,46.95175775200,407.06713282673,8.66100282610,SPN,50.0000,null,0.0000,7.2800,407.68,null,5/2-,-0.7881400000,0.3020000000,null,null,-1.51054000
54,48,22,b,b,Ti,47.94794093200,418.69356599056,8.72278262480,SPN,50.0000,null,0.0000,73.9400,4140.64,null,null,null,null,null,null,null
55,49,22,f,f,Ti,48.94786462700,426.83573062732,8.71093327811,SPN,50.0000,null,0.0000,5.5100,308.56,null,7/2-,-1.1037000000,0.2470000000,null,null,-1.51095000
56,50,22,b,b,Ti,49.94478583900,437.77469116518,8.75549382330,SPN,50.0000,null,0.0000,5.3400,299.04,null,null,null,null,null,null,null
57,50,23,b,f,V,49.94715584500,434.78471059568,8.69569421191,UPN,17.1461,B+ or B-,2.2050,0.2400,0.288,null,6+,3.3442000000,0.2100000000,null,null,2.67065000
58,51,23,f,b,V,50.94395686700,445.83562743748,8.74187504779,SPN,50.0000,null,0.0000,99.7600,119.712,null,7/2-,5.1464000000,-0.0430000000,2160.0000,101.212,7.04551390
59,50,24,b,b,Cr,49.94604144300,435.04043633398,8.70080872668,SPN,50.0000,null,0.0000,4.3100,4.3962,null,null,null,null,null,null,null
60,52,24,b,b,Cr,51.94050499200,456.33978299176,8.77576505753,SPN,50.0000,null,0.0000,83.7600,85.4352,null,null,null,null,null,null,null
61,53,24,f,f,Cr,52.94064696100,464.27862663436,8.75997408744,SPN,50.0000,null,0.0000,9.5500,9.741,null,3/2-,-0.4743100000,-0.1500000000,null,null,-1.51518000
62,54,24,b,b,Cr,53.93887801200,473.99747956583,8.77773110307,SPN,50.0000,null,0.0000,2.3800,2.4276,null,null,null,null,null,null,null
63,55,25,f,b,Mn,54.93804317200,482.06388184689,8.76479785176,SPN,50.0000,null,0.0000,100.0000,950,null,5/2-,3.4669000000,0.3300000000,994.0000,98.980,6.64525453
64,54,26,b,b,Fe,53.93960830600,471.75254802301,8.73615829672,SPN,50.0000,null,0.0000,5.8200,3276.66,72,null,null,null,null,null,null
65,56,26,b,b,Fe,55.93493561700,492.24730527224,8.79013045129,SPN,50.0000,null,0.0000,91.6600,51604.58,1169,null,null,null,null,null,null
66,57,26,f,f,Fe,56.93539213400,499.89314923521,8.77005524974,SPN,50.0000,null,0.0000,2.1900,1232.97,28,1/2-,0.0906400000,null,null,null,0.86806270
67,58,26,b,b,Fe,57.93327373800,509.93751006707,8.79202603564,SPN,50.0000,null,0.0000,0.3300,185.79,null,null,null,null,null,null,null
68,59,27,f,b,Co,58.93319365600,517.30085954792,8.76781117878,SPN,50.0000,null,0.0000,100.0000,25,null,7/2-,4.6150000000,0.4200000000,1570.0000,94.908,6.33200000
69,60,27,b,f,Co,59.93381566700,524.79254678764,8.74654244646,SYN,0.7219,"G, B-",1.3325,0.0000,0,null,5+,3.7990000000,0.4600000000,null,null,3.63900000
70,58,28,b,b,Ni,57.93534178000,506.44647384250,8.73183575591,SPN,50.0000,null,0.0000,67.8800,57.0192,49,null,null,null,null,null,null
71,60,28,b,b,Ni,59.93078525600,526.83302405250,8.78055040087,SPN,50.0000,null,0.0000,26.2300,22.0332,null,null,null,null,null,null,null
72,61,28,f,f,Ni,60.93105494500,534.65289723880,8.76480159408,SPN,50.0000,null,0.0000,1.1900,0.9996,null,3/2-,-0.7496500000,0.1620000000,null,null,-2.39477000
73,62,28,b,b,Ni,61.92834487100,545.24840277495,8.79432907702,SPN,50.0000,null,0.0000,3.6600,3.0744,null,null,null,null,null,null,null
74,64,28,b,b,Ni,63.92796634100,561.74317524830,8.77723711325,SPN,50.0000,null,0.0000,1.0800,0.9072,null,null,null,null,null,null,null
75,63,29,f,b,Cu,62.92959723600,551.37058542554,8.75191405437,SPN,50.0000,null,0.0000,69.0900,41.454,null,3/2-,2.2259000000,-0.2200000000,365.0000,106.112,7.11179100
76,65,29,f,b,Cu,64.92778948700,569.19666729878,8.75687180460,SPN,50.0000,null,0.0000,30.9100,18.546,null,3/2-,2.3844000000,-0.2040000000,201.0000,113.669,7.60430000
77,64,30,b,b,Zn,63.92914177200,559.08360111230,8.73568126738,SPN,50.0000,null,0.0000,48.8900,34.223,null,null,null,null,null,null,null
78,66,30,b,b,Zn,65.92603370400,578.12092276587,8.75940792070,SPN,50.0000,null,0.0000,27.8100,19.467,null,null,null,null,null,null,null
79,67,30,f,f,Zn,66.92712748200,585.17316171832,8.73392778684,SPN,50.0000,null,0.0000,4.1100,2.877,null,5/2-,0.8748500000,0.1500000000,null,null,1.67668850
80,68,30,b,b,Zn,67.92484429100,595.37102815890,8.75545629645,SPN,50.0000,null,0.0000,18.5700,12.999,null,null,null,null,null,null,null
81,70,30,b,b,Zn,69.92531918100,611.07084473809,8.72958349626,SPN,50.0000,null,0.0000,0.6200,0.434,null,null,null,null,null,null,null
82,69,31,f,b,Ga,68.92557353100,601.98049878272,8.72435505482,SPN,50.0000,null,0.0000,60.4000,11.476,null,3/2-,2.0150200000,0.1710000000,237.0000,96.006,6.43886000
83,71,31,f,b,Ga,70.92470253600,618.93399961304,8.71738027624,SPN,50.0000,null,0.0000,39.6000,7.524,null,3/2-,2.5603300000,0.1070000000,319.0000,121.987,8.18117000
84,70,32,b,b,Ge,69.92424870600,610.50331931480,8.72147599021,SPN,50.0000,null,0.0000,20.5200,0.3078,null,null,null,null,null,null,null
85,72,32,b,b,Ge,71.92207582600,628.66951864558,8.73152109230,SPN,50.0000,null,0.0000,27.4300,0.41145,null,null,null,null,null,null,null
86,73,32,f,f,Ge,72.92345895600,635.45222784963,8.70482503904,SPN,50.0000,null,0.0000,7.7600,0.1164,null,9/2+,-0.8782400000,-0.1960000000,null,null,-0.93603060
87,74,32,b,b,Ge,73.92117776200,645.64823409601,8.72497613643,SPN,50.0000,null,0.0000,36.5400,0.5481,null,null,null,null,null,null,null
88,76,32,b,b,Ge,75.92140272600,661.58085532802,8.70501125432,UPN,21.2553,2 B-,2.0390,7.6700,0.11505,null,null,null,null,null,null,null
89,75,33,f,b,As,74.92159456200,652.54874080940,8.70064987746,SPN,50.0000,null,0.0000,100.0000,1.8,null,3/2-,1.4383000000,0.3140000000,143.0000,68.491,4.59615000
90,74,34,b,b,Se,73.92247593500,642.87432648253,8.68749089841,SPN,50.0000,null,0.0000,0.8700,0.000435,null,null,null,null,null,null,null
91,76,34,b,b,Se,75.91921370400,662.05525009704,8.71125329075,SPN,50.0000,null,0.0000,9.0200,0.00451,null,null,null,null,null,null,null
92,77,34,f,f,Se,76.91991415000,669.47387557871,8.69446591661,SPN,50.0000,null,0.0000,17.5800,0.00879,null,1/2-,0.5335600000,null,2.9800,76.286,5.12538800
93,78,34,b,b,Se,77.91730924300,679.97141865028,8.71758229039,SPN,50.0000,null,0.0000,23.5200,0.01176,null,null,null,null,null,null,null
94,80,34,b,b,Se,79.91652178500,696.84710523847,8.71058881548,SPN,50.0000,null,0.0000,49.8200,0.02491,null,null,null,null,null,null,null
95,82,34,b,b,Se,81.91669953700,712.82370418095,8.69297200221,UPN,20.0414,2 B-,2.9950,8.8200,0.00441,null,null,null,null,null,null,null
96,79,35,f,b,Br,78.91833760100,686.30226255204,8.68737041205,SPN,50.0000,null,0.0000,50.5400,1.21296,null,3/2-,2.1046000000,0.3130000000,226.0000,100.218,6.72561900
97,81,35,f,b,Br,80.91628820600,704.35343630503,8.69572143586,SPN,50.0000,null,0.0000,49.4600,1.18704,null,3/2-,2.2686000000,0.2620000000,277.0000,108.028,7.24977900
98,78,36,b,b,Kr,77.92036634100,675.55908236613,8.66101387649,UPN,24.9368,KK,2.8460,0.3500,null,null,null,null,null,null,null,null
99,80,36,b,b,Kr,79.91637804800,695.41632861948,8.69270410774,SPN,50.0000,null,0.0000,2.2700,null,null,null,null,null,null,null,null
100,82,36,b,b,Kr,81.91348115520,714.25694177087,8.71045050940,SPN,50.0000,null,0.0000,11.5600,null,null,null,null,null,null,null,null
101,83,36,f,f,Kr,82.91412651800,721.72687694122,8.69550454146,SPN,50.0000,null,0.0000,11.5500,null,null,9/2+,-0.9706690000,0.2530000000,null,null,-1.03309700
102,84,36,b,b,Kr,83.91149772863,732.24666630512,8.71722221792,SPN,50.0000,null,0.0000,56.9000,null,null,null,null,null,null,null,null
103,86,36,b,b,Kr,85.91061062627,749.21517104999,8.71180431453,SPN,50.0000,null,0.0000,17.3700,null,null,null,null,null,null,null,null
104,85,37,f,b,Rb,84.91178973760,739.26341515584,8.69721664889,SPN,50.0000,null,0.0000,72.5100,65.259,null,5/2-,1.3530600000,0.2760000000,null,null,2.59270590
105,87,37,f,b,Rb,86.90918053100,757.83605024208,8.71075919818,UPN,10.6965,B-,0.2830,27.8500,25.065,null,3/2-,2.7512900000,0.1335000000,277.0000,130.885,8.78640300
106,84,38,b,b,Sr,83.91341912000,728.89223431142,8.67728850371,SPN,50.0000,null,0.0000,0.5600,2.072,null,null,null,null,null,null,null
107,86,38,b,b,Sr,85.90926072631,748.90792839362,8.70823172551,SPN,50.0000,null,0.0000,9.8600,36.482,null,null,null,null,null,null,null
108,87,38,f,f,Sr,86.90887749615,757.33599207773,8.70501140319,SPN,50.0000,null,0.0000,7.0200,25.974,null,9/2+,-1.0931600000,0.3050000000,null,null,-1.16393800
109,88,38,b,b,Sr,87.90561225561,768.44863210007,8.73237081932,SPN,50.0000,null,0.0000,82.5600,305.472,null,null,null,null,null,null,null
110,90,38,b,b,Sr,89.90773088500,782.61731475162,8.69574794168,UPN,1.4592,B-,0.5460,0.0000,0,null,null,null,null,null,null,null
111,89,39,f,b,Y,88.90584120500,775.52412059225,8.71375416396,SPN,50.0000,null,0.0000,100.0000,33,null,1/2-,-0.1372980000,null,null,null,-1.31627900
112,90,40,b,b,Zr,89.90469875800,783.87705705078,8.70974507834,SPN,50.0000,null,0.0000,51.4600,84.909,null,null,null,null,null,null,null
113,91,40,f,f,Zr,90.90564022300,791.07117469965,8.69308983186,SPN,50.0000,null,0.0000,11.2300,18.5295,null,5/2+,-1.3022000000,-0.1760000000,null,null,-2.49743000
114,92,40,b,b,Zr,91.90503532200,799.70572351514,8.69245351647,SPN,50.0000,null,0.0000,17.1100,28.2315,null,null,null,null,null,null,null
115,94,40,b,b,Zr,93.90631252400,814.65819101258,8.66657650013,SPN,50.0000,null,0.0000,17.4000,28.71,null,null,null,null,null,null,null
116,96,40,b,b,Zr,95.90827762100,828.96988821546,8.63510300224,UPN,19.3010,2 B-,3.4000,2.8000,4.62,null,null,null,null,null,null,null
117,93,41,f,b,Nb,92.90637316100,805.74828761906,8.66396008193,SPN,50.0000,null,0.0000,100.0000,20,null,9/2+,6.1630000000,-0.3200000000,2740.0000,97.904,6.56740000
118,92,42,b,b,Mo,91.90680715500,796.49060429564,8.65750656843,SPN,50.0000,null,0.0000,15.8400,0.19008,null,null,null,null,null,null,null
119,94,42,b,b,Mo,93.90508359200,814.23826738693,8.66210922752,SPN,50.0000,null,0.0000,9.0600,0.10872,null,null,null,null,null,null,null
120,95,42,f,f,Mo,94.90583744200,821.60714734519,8.64849628784,SPN,50.0000,null,0.0000,15.7200,0.18864,null,5/2+,-0.9132000000,-0.0220000000,null,null,-1.75140000
121,96,42,b,b,Mo,95.90467477400,830.76125296064,8.65376305167,SPN,50.0000,null,0.0000,16.3300,0.19596,null,null,null,null,null,null,null
122,97,42,f,f,Mo,96.90601690300,837.58215436386,8.63486757076,SPN,50.0000,null,0.0000,9.4600,0.11352,null,5/2+,-0.9324000000,0.2550000000,null,null,-1.78840000
123,98,42,b,b,Mo,97.90540360800,846.22452214280,8.63494410350,SPN,50.0000,null,0.0000,23.7800,0.28536,null,null,null,null,null,null,null
124,100,42,b,b,Mo,99.90746797600,860.44374897168,8.60443748972,UPN,18.8923,2 B-,3.0350,9.1300,0.10956,null,null,null,null,null,null,null
125,96,44,b,b,Ru,95.90758891400,826.48208124345,8.60918834629,SPN,50.0000,null,0.0000,5.5100,0.0000551,null,null,null,null,null,null,null
126,98,44,b,b,Ru,97.90528671300,844.76874235291,8.62008920768,SPN,50.0000,null,0.0000,1.8700,0.0000187,null,null,null,null,null,null,null
127,99,44,f,f,Ru,98.90593027800,852.24035216376,8.60848840569,SPN,50.0000,null,0.0000,12.7200,0.0001272,null,5/2+,-0.6410000000,0.0790000000,null,null,-1.22800000
128,100,44,b,b,Ru,99.90421045200,861.91344729911,8.61913447299,SPN,50.0000,null,0.0000,12.6200,0.0001262,null,null,null,null,null,null,null
129,101,44,f,f,Ru,100.90557307500,868.71525865745,8.60114117483,SPN,50.0000,null,0.0000,17.0700,0.0001707,null,5/2+,-0.7180000000,0.4600000000,null,null,-1.37200000
130,102,44,b,b,Ru,101.90434030000,877.93466854616,8.60720263281,SPN,50.0000,null,0.0000,31.6100,0.0003161,null,null,null,null,null,null,null
131,104,44,b,b,Ru,103.90542536000,893.06611522785,8.58717418488,SPN,50.0000,null,0.0000,18.5700,0.0001857,null,null,null,null,null,null,null
132,103,45,f,b,Rh,102.90549406800,884.14869374355,8.58396790042,SPN,50.0000,null,0.0000,100.0000,0.001,null,1/2-,-0.0882900000,null,null,null,-0.84677000
133,102,46,b,b,Pd,101.90563205800,875.16673646882,8.58006604381,SPN,50.0000,null,0.0000,0.9600,0.000144,null,null,null,null,null,null,null
134,104,46,b,b,Pd,103.90403040100,892.80084481188,8.58462350781,SPN,50.0000,null,0.0000,10.9700,0.0016455,null,null,null,null,null,null,null
135,105,46,f,f,Pd,104.90507948700,899.89471410910,8.57042584866,SPN,50.0000,null,0.0000,22.2300,0.0033345,null,5/2+,-0.6420000000,0.6600000000,null,null,-1.23000000
136,106,46,b,b,Pd,105.90348029300,909.45544121998,8.57976831340,SPN,50.0000,null,0.0000,27.3300,0.0040995,null,null,null,null,null,null,null
137,108,46,b,b,Pd,107.90389180500,925.21429404707,8.56679901895,SPN,50.0000,null,0.0000,26.7100,0.0040065,null,null,null,null,null,null,null
138,110,46,b,b,Pd,109.90517286800,940.16316504488,8.54693786404,SPN,50.0000,null,0.0000,11.8100,0.0017715,null,null,null,null,null,null,null
139,107,47,f,b,Ag,106.90509153100,915.24333570460,8.55367603462,SPN,50.0000,null,0.0000,51.8200,0.038865,null,1/2-,-0.1135200000,null,null,null,-1.08891800
140,109,47,f,b,Ag,108.90475577300,931.69826630231,8.54769051653,SPN,50.0000,null,0.0000,48.1800,0.036135,null,1/2-,-0.1305100000,null,null,null,-1.25190000
141,106,48,b,b,Cd,105.90645979700,905.11538330717,8.53882437082,SPN,50.0000,null,0.0000,1.2200,0.00183,null,null,null,null,null,null,null
142,108,48,b,b,Cd,107.90418358700,923.37783394741,8.54979475877,SPN,50.0000,null,0.0000,0.8800,0.00132,null,null,null,null,null,null,null
143,110,48,b,b,Cd,109.90300746000,940.61556350674,8.55105057733,SPN,50.0000,null,0.0000,12.3900,0.018585,null,null,null,null,null,null,null
144,111,48,f,f,Cd,110.90418376600,947.59092809483,8.53685520806,SPN,50.0000,null,0.0000,12.7500,0.019125,null,1/2+,-0.5940000000,null,6.9300,84.803,-5.69831500
145,112,48,b,b,Cd,111.90276388300,956.98462802527,8.54450560737,SPN,50.0000,null,0.0000,24.0700,0.036105,null,null,null,null,null,null,null
146,113,48,f,f,Cd,112.90440809700,963.52413896273,8.52676229171,UPN,15.8865,B-,0.3210,12.2600,0.01839,null,1/2+,-0.6213000000,null,7.6000,88.712,-5.96091700
147,114,48,b,b,Cd,113.90336499000,972.56687418417,8.53128837004,SPN,50.0000,null,0.0000,28.8600,0.04329,null,null,null,null,null,null,null
148,116,48,b,b,Cd,115.90476323000,987.40659547047,8.51212582302,UPN,19.4916,2 B-,2.8090,7.5800,0.01137,null,null,null,null,null,null,null
149,113,49,f,b,In,112.90406044800,963.06563862631,8.52270476660,SPN,50.0000,null,0.0000,4.2800,0.0107,null,9/2+,5.5208000000,0.7590000000,83.8000,87.463,5.88450000
150,115,49,f,b,In,114.90387877300,979.37704178262,8.51632210246,UPN,14.6434,B-,0.4990,95.7200,0.2393,null,9/2+,5.5326000000,0.7700000000,1890.0000,87.650,5.89720000
151,112,50,b,b,Sn,111.90482487700,953.50015697279,8.51339425869,SPN,50.0000,null,0.0000,0.9600,0.02208,null,null,null,null,null,null,null
152,114,50,b,b,Sn,113.90278013200,971.54699927711,8.52234209892,SPN,50.0000,null,0.0000,0.6600,0.01518,null,null,null,null,null,null,null
153,115,50,f,f,Sn,114.90334469700,979.09219714031,8.51384519252,SPN,50.0000,null,0.0000,0.3500,0.00805,null,1/2+,-0.9174000000,null,0.6930,136.828,-8.80130000
154,116,50,b,b,Sn,115.90174282400,988.65541972453,8.52289154935,SPN,50.0000,null,0.0000,14.3000,0.3289,null,null,null,null,null,null,null
155,117,50,f,f,Sn,116.90295401700,995.59828726979,8.50938707068,SPN,50.0000,null,0.0000,7.6100,0.17503,null,1/2+,-0.9995000000,null,19.5400,142.529,-9.58880000
156,118,50,b,b,Sn,117.90160660900,1004.92447714840,8.51630912838,SPN,50.0000,null,0.0000,24.0300,0.55269,null,null,null,null,null,null,null
157,119,50,f,f,Sn,118.90331121600,1011.40773234860,8.49922464159,SPN,50.0000,null,0.0000,8.5800,0.19734,null,1/2+,-1.0459000000,null,25.2000,149.163,-10.03170000
158,120,50,b,b,Sn,119.90220187300,1020.51216602870,8.50426805024,SPN,50.0000,null,0.0000,32.8500,0.75555,null,null,null,null,null,null,null
159,122,50,b,b,Sn,121.90344400100,1035.49730475840,8.48768282589,SPN,50.0000,null,0.0000,4.9200,0.11316,null,null,null,null,null,null,null
160,124,50,b,b,Sn,123.90527669200,1049.93233740000,8.46719626936,SPN,50.0000,null,0.0000,5.9400,0.13662,null,null,null,null,null,null,null
161,121,51,f,b,Sb,120.90381009300,1026.30287176320,8.48184191540,SPN,50.0000,null,0.0000,57.2500,0.1145,null,5/2+,3.3580000000,-0.5430000000,520.0000,95.722,6.44350000
162,123,51,f,b,Sb,122.90421401600,1042.06879370080,8.47210401383,SPN,50.0000,null,0.0000,42.7500,0.0855,null,7/2+,2.5457000000,-0.6920000000,111.0000,51.836,3.48920000
163,120,52,b,b,Te,119.90405951400,1017.21711714340,8.47680930953,SPN,50.0000,null,0.0000,0.8900,0.0000089,null,null,null,null,null,null,null
164,122,52,b,b,Te,121.90304343400,1034.30576382910,8.47791609696,SPN,50.0000,null,0.0000,2.4600,0.0000246,null,null,null,null,null,null,null
165,123,52,f,f,Te,122.90426974700,1041.23454718010,8.46532152179,SPN,14.7781,null,0.0000,0.8700,0.0000087,null,1/2+,-0.7358000000,null,0.8900,126.199,-7.05910100
166,124,52,b,b,Te,123.90281706400,1050.65880012470,8.47305483972,SPN,50.0000,null,0.0000,4.6100,0.0000461,null,null,null,null,null,null,null
167,125,52,f,f,Te,124.90442990000,1057.22753949130,8.45782031593,SPN,50.0000,null,0.0000,6.9900,0.0000699,null,1/2+,-0.8870000000,null,12.5000,104.679,-8.51084300
168,126,52,b,b,Te,125.90331086600,1066.34100028300,8.46302381177,SPN,50.0000,null,0.0000,18.7100,0.0001871,null,null,null,null,null,null,null
169,128,52,b,b,Te,127.90446131100,1081.41154120770,8.44852766569,UPN,24.3424,2 B-,2.5300,31.7900,0.0003179,null,null,null,null,null,null,null
170,130,52,b,b,Te,129.90622274700,1095.91294747810,8.43009959599,UPN,18.9448,2 B-,0.8680,34.4800,0.0003448,null,null,null,null,null,null,null
171,127,53,f,b,I,126.90447183800,1072.54831499520,8.44526232280,SPN,50.0000,null,0.0000,100.0000,0.45,null,5/2+,2.8087000000,-0.6960000000,530.0000,80.034,5.38957000
172,124,54,b,b,Xe,123.90589158800,1046.23023162030,8.43734057758,UPN,22.2553,KK,2.8640,0.0961,null,null,null,null,null,null,null,null
173,126,54,b,b,Xe,125.90429679400,1063.85794711770,8.44331704062,SPN,50.0000,null,0.0000,0.0900,null,null,null,null,null,null,null,null
174,128,54,b,b,Xe,127.90353099600,1080.71345753860,8.44307388702,SPN,50.0000,null,0.0000,1.9200,null,null,null,null,null,null,null,null
175,129,54,f,f,Xe,128.90478085892,1087.62030427260,8.43116514940,SPN,50.0000,null,0.0000,26.4400,null,null,1/2+,-0.7779610000,null,31.8000,110.632,-7.45210000
176,130,54,b,b,Xe,129.90350934900,1096.87579551980,8.43750611938,SPN,50.0000,null,0.0000,4.0800,null,null,null,null,null,null,null,null
177,131,54,f,f,Xe,130.90508413600,1103.47997731430,8.42351127721,SPN,50.0000,null,0.0000,21.1800,null,null,3/2+,0.6918450000,-0.1140000000,null,null,2.20907700
178,132,54,b,b,Xe,131.90415508697,1112.41646818300,8.42739748623,SPN,50.0000,null,0.0000,26.8900,null,null,null,null,null,null,null,null
179,134,54,b,b,Xe,133.90539303300,1127.40550239410,8.41347389846,SPN,50.0000,null,0.0000,10.4400,null,null,null,null,null,null,null,null
180,136,54,b,b,Xe,135.90721447600,1141.85101248390,8.39596332709,UPN,21.3354,2 B-,2.4620,8.8700,null,null,null,null,null,null,null,null
181,133,55,f,b,Cs,132.90545196100,1118.49719092430,8.40975331522,SPN,50.0000,null,0.0000,100.0000,3,null,7/2+,2.5778000000,-0.0034300000,269.0000,52.465,3.53325600
182,137,55,f,b,Cs,136.90708946400,1149.25621400520,8.38873148909,UPN,1.5092,G or B-,0.6617,0.0000,0,null,7/2+,2.8374000000,0.0480000000,null,null,null
183,130,56,b,b,Ba,129.90632087400,1092.69220909360,8.40532468534,UPN,21.0792,KK,2.6200,0.1010,0.42925,null,null,null,null,null,null,null
184,132,56,b,b,Ba,131.90506109800,1110.00785722240,8.40915043350,SPN,50.0000,null,0.0000,0.0970,0.41225,null,null,null,null,null,null,null
185,134,56,b,b,Ba,133.90450839900,1126.66486713230,8.40794676964,SPN,50.0000,null,0.0000,2.4200,10.285,null,null,null,null,null,null,null
186,135,56,f,f,Ba,134.90568860600,1133.63659796100,8.39730813304,SPN,50.0000,null,0.0000,6.5900,28.0075,null,3/2+,0.8381000000,0.1600000000,null,null,2.67769000
187,136,56,b,b,Ba,135.90457595900,1142.74410929840,8.40253021543,SPN,50.0000,null,0.0000,7.8100,33.1925,null,null,null,null,null,null,null
188,137,56,f,f,Ba,136.90582737500,1149.64950934710,8.39160225801,SPN,50.0000,null,0.0000,11.3200,48.11,null,3/2+,0.9375000000,0.2450000000,4.4100,44.452,2.99287000
189,138,56,b,b,Ba,137.90524722900,1158.26099902040,8.39319564508,SPN,50.0000,null,0.0000,71.6600,304.555,null,null,null,null,null,null,null
190,138,57,b,f,La,137.90711783400,1155.73620765260,8.37490005545,UPN,11.0090,K or B-,1.7370,0.0890,0.03471,null,5+,3.7084000000,0.3900000000,null,null,3.55724000
191,139,57,f,b,La,138.90635880400,1164.51432675820,8.37780091193,SPN,50.0000,null,0.0000,99.9110,38.96529,null,7/2+,2.7791000000,0.2000000000,336.0000,56.502,3.80833300
192,136,58,b,b,Ce,135.90712943800,1138.80089125910,8.37353596514,SPN,50.0000,null,0.0000,0.1930,0.128345,null,null,null,null,null,null,null
193,138,58,b,b,Ce,137.90598874300,1156.00561611110,8.37685229066,SPN,50.0000,null,0.0000,0.2500,0.16625,null,null,null,null,null,null,null
194,140,58,b,b,Ce,139.90544642400,1172.65295710990,8.37609255078,SPN,50.0000,null,0.0000,88.4800,58.8392,null,null,null,null,null,null,null
195,142,58,b,b,Ce,141.90924988400,1185.25222959520,8.34684668729,SPN,50.0000,null,0.0000,11.0700,7.36155,null,null,null,null,null,null,null
196,141,59,f,b,Pr,140.90765840300,1177.88126475700,8.35376783516,SPN,50.0000,null,0.0000,100.0000,9.2,null,5/2+,4.2660000000,-0.0770000000,1700.0000,117.164,8.19070000
197,142,60,b,b,Nd,141.90772889500,1185.10435541010,8.34580531979,SPN,50.0000,null,0.0000,27.1100,11.25065,null,null,null,null,null,null,null
198,143,60,f,f,Nd,142.90981988700,1191.22769517220,8.33026360260,SPN,50.0000,null,0.0000,12.1700,5.05055,null,7/2-,-1.0650000000,-0.6100000000,null,null,-1.45740000
199,144,60,b,b,Nd,143.91009286500,1199.04450467370,8.32669794912,UPN,15.3602,A,1.9050,23.8500,9.89775,null,null,null,null,null,null,null
200,145,60,f,f,Nd,144.91257919900,1204.79958560300,8.30896265933,SPN,50.0000,null,0.0000,8.3000,3.4445,null,7/2-,-0.6560000000,-0.3140000000,null,null,-0.89800000
201,146,60,b,b,Nd,145.91312250300,1212.36458796720,8.30386704087,SPN,50.0000,null,0.0000,17.2200,7.1463,null,null,null,null,null,null,null
202,148,60,b,b,Nd,147.91689909300,1224.98888970530,8.27695195747,SPN,50.0000,null,0.0000,5.7300,2.37795,null,null,null,null,null,null,null
203,150,60,b,b,Nd,149.92090152500,1237.40282090010,8.24935213933,UPN,18.8979,2 B-,3.3670,5.6200,2.3323,null,null,null,null,null,null,null
204,144,62,b,b,Sm,143.91200637300,1195.69741599450,8.30345427774,SPN,50.0000,null,0.0000,3.0900,0.217845,null,null,null,null,null,null,null
205,147,62,f,f,Sm,146.91490406400,1217.21149413240,8.28035030022,UPN,11.0257,A,2.3100,14.9700,1.055385,null,7/2-,-0.8090000000,-0.2600000000,null,null,-1.11500000
206,148,62,b,b,Sm,147.91482901200,1225.35249160680,8.27940872707,UPN,15.8454,A,1.9860,11.2400,0.79242,null,null,null,null,null,null,null
207,149,62,f,f,Sm,148.91719137500,1231.22305082010,8.26324195181,SPN,50.0000,null,0.0000,13.8300,0.975015,null,7/2-,-0.6677000000,-0.0780000000,null,null,-0.91920000
208,150,62,b,b,Sm,149.91728219500,1239.20953946640,8.26139692978,SPN,50.0000,null,0.0000,7.4400,0.52452,null,null,null,null,null,null,null
209,152,62,b,b,Sm,151.91973904000,1253.06317619370,8.24383668548,SPN,50.0000,null,0.0000,76.7200,5.40876,null,null,null,null,null,null,null
210,154,62,b,b,Sm,153.92221616400,1266.89792314750,8.22660989057,SPN,50.0000,null,0.0000,22.7100,1.601055,null,null,null,null,null,null,null
211,151,63,f,b,Eu,150.91985686000,1244.10000715970,8.23907289510,UPN,18.6993,A,1.9644,47.8200,0.9564,null,5/2+,3.4635000000,0.3918000000,480.0000,99.202,6.65100000
212,153,63,f,b,Eu,152.92123704300,1258.95654843920,8.22847417281,SPN,50.0000,null,0.0000,52.1800,1.0436,null,5/2+,1.5294000000,2.2200000000,45.0000,43.806,2.93570000
213,152,64,b,b,Gd,151.91979882200,1251.44282277950,8.23317646565,UPN,14.0414,A,2.2030,0.2000,0.0124,null,null,null,null,null,null,null
214,154,64,b,b,Gd,153.92087339800,1266.58403524770,8.22457165745,SPN,50.0000,null,0.0000,2.1500,0.1333,null,null,null,null,null,null,null
215,155,64,f,f,Gd,154.92262979600,1273.01904742490,8.21302611242,SPN,50.0000,null,0.0000,14.7300,0.91326,null,3/2-,-0.2591000000,1.2700000000,null,null,-0.82120000
216,156,64,b,b,Gd,155.92213056200,1281.55516802860,8.21509723095,SPN,50.0000,null,0.0000,20.4700,1.26914,null,null,null,null,null,null,null
217,157,64,f,f,Gd,156.92396787000,1287.91481299930,8.20327906369,SPN,50.0000,null,0.0000,15.6800,0.97216,null,3/2-,-0.3398000000,1.3600000000,null,null,-1.07700000
218,158,64,b,b,Gd,157.92411164600,1295.85197343160,8.20159476855,SPN,50.0000,null,0.0000,24.8700,1.54194,null,null,null,null,null,null,null
219,160,64,b,b,Gd,159.92706153700,1309.24634060370,8.18278962877,SPN,50.0000,null,0.0000,21.9000,1.3578,null,null,null,null,null,null,null
220,159,65,f,b,Tb,158.92535393300,1301.98354368210,8.18857574643,SPN,50.0000,null,0.0000,100.0000,1.2,null,3/2+,2.0090000000,1.4320000000,330.0000,90.714,6.43100000
221,156,66,b,b,Dy,155.92428403800,1277.98455051720,8.19220865716,SPN,50.0000,null,0.0000,0.0520,0.002704,null,null,null,null,null,null,null
222,158,66,b,b,Dy,157.92441459700,1294.00510947180,8.18990575615,SPN,50.0000,null,0.0000,0.0900,0.00468,null,null,null,null,null,null,null
223,160,66,b,b,Dy,159.92520324400,1309.41266318330,8.18382914490,SPN,50.0000,null,0.0000,2.2900,0.11908,null,null,null,null,null,null,null
224,161,66,f,f,Dy,160.92693908800,1315.86682129500,8.17308584655,SPN,50.0000,null,0.0000,18.8800,0.98176,null,5/2+,-0.4790000000,2.5100000000,null,null,-0.92000000
225,162,66,b,b,Dy,161.92680416800,1324.06358547210,8.17323200909,SPN,50.0000,null,0.0000,25.5300,1.32756,null,null,null,null,null,null,null
226,163,66,f,f,Dy,162.92873687900,1330.33436308890,8.16156050975,SPN,50.0000,null,0.0000,24.9700,1.29844,null,5/2-,0.6710000000,2.6500000000,null,null,1.28900000
227,164,66,b,b,Dy,163.92918047200,1337.99224568460,8.15848930295,SPN,50.0000,null,0.0000,28.1800,1.46536,null,null,null,null,null,null,null
228,165,67,f,b,Ho,164.93032804700,1344.21203962640,8.14673963410,SPN,50.0000,null,0.0000,100.0000,1.3,null,7/2-,4.1600000000,3.5800000000,1000.0000,82.052,5.65400000
229,162,68,b,b,Er,161.92878696000,1320.65195913950,8.15217258728,SPN,50.0000,null,0.0000,0.1360,0.00476,null,null,null,null,null,null,null
230,164,68,b,b,Er,163.92920739200,1336.40250303710,8.14879575023,SPN,50.0000,null,0.0000,1.5600,0.0546,null,null,null,null,null,null,null
231,166,68,b,b,Er,165.93029902300,1351.52782886950,8.14173390885,SPN,50.0000,null,0.0000,33.4100,1.16935,null,null,null,null,null,null,null
232,167,68,f,f,Er,166.93205411900,1357.96405385230,8.13152128055,SPN,50.0000,null,0.0000,22.9400,0.8029,null,7/2+,-0.5623000000,3.5700000000,null,null,-0.77160000
233,168,68,b,b,Er,167.93237619200,1365.73513163950,8.12937578357,SPN,50.0000,null,0.0000,27.0700,0.94745,null,null,null,null,null,null,null
234,170,68,b,b,Er,169.93547067300,1378.99481404590,8.11173420027,SPN,50.0000,null,0.0000,14.8800,0.5208,null,null,null,null,null,null,null
235,169,69,f,b,Tm,168.93421835000,1371.30792545260,8.11424807960,SPN,50.0000,null,0.0000,100.0000,0.52,null,1/2+,-0.2310000000,null,null,null,-2.21000000
236,170,70,b,b,Yb,169.93476724500,1378.08538642200,8.10638462601,SPN,50.0000,null,0.0000,3.0300,0.09696,null,null,null,null,null,null,null
237,171,70,f,f,Yb,170.93633151700,1384.69936287950,8.09765709286,SPN,50.0000,null,0.0000,14.3100,0.45792,null,1/2-,0.4923000000,null,4.0500,70.452,4.72880000
238,172,70,b,b,Yb,171.93638665800,1392.71908631200,8.09720399019,SPN,50.0000,null,0.0000,21.8100,0.69792,null,null,null,null,null,null,null
239,173,70,f,f,Yb,172.93821621500,1399.08595129530,8.08720203061,SPN,50.0000,null,0.0000,16.1300,0.51616,null,5/2-,-0.6780000000,2.8000000000,null,null,-1.30251000
240,174,70,b,b,Yb,173.93886754800,1406.55032525810,8.08362255895,SPN,50.0000,null,0.0000,31.8400,1.01888,null,null,null,null,null,null,null
241,176,70,b,b,Yb,175.94257470800,1419.23930064780,8.06385966277,SPN,50.0000,null,0.0000,12.7300,0.40736,null,null,null,null,null,null,null
242,175,71,f,b,Lu,174.94077730800,1412.06014819130,8.06891513252,SPN,50.0000,null,0.0000,97.4100,0.48705,null,7/2+,2.2257000000,3.4900000000,156.0000,45.630,3.05470000
243,176,71,b,f,Lu,175.94269180900,1418.34788831990,8.05879482000,UPN,10.5756,B-,1.1930,2.5900,0.01295,null,7-,3.1600000000,4.9200000000,null,null,2.16800000
244,174,72,b,b,Hf,173.94004848000,1403.88562697180,8.06830820099,UPN,15.3015,A,2.4970,0.1800,0.0054,null,null,null,null,null,null,null
245,176,72,b,b,Hf,175.94140990500,1418.75964122200,8.06113432512,SPN,50.0000,null,0.0000,5.2000,0.156,null,null,null,null,null,null,null
246,177,72,f,f,Hf,176.94323032000,1425.13502192640,8.05161029337,SPN,50.0000,null,0.0000,18.5000,0.555,null,7/2-,0.7910000000,3.3700000000,null,null,1.08580000
247,178,72,b,b,Hf,177.94370845600,1432.76072791340,8.04921757255,SPN,50.0000,null,0.0000,27.1400,0.8142,null,null,null,null,null,null,null
248,179,72,f,f,Hf,178.94582583800,1438.85948554000,8.03832114827,SPN,50.0000,null,0.0000,13.7500,0.4125,null,9/2+,-0.6389000000,null,null,null,-0.68200000
249,180,72,b,b,Hf,179.94655966900,1446.24701308340,8.03470562824,SPN,50.0000,null,0.0000,35.2400,1.0572,null,null,null,null,null,null,null
250,180,73,b,f,Ta,179.94746839200,1444.61820934810,8.02565671860,SPN,15.0000,null,0.0000,0.0123,0.000246,null,9-,4.8140000000,4.8000000000,null,null,2.56800000
251,181,73,f,b,Ta,180.94799933100,1452.19472963970,8.02317530188,SPN,50.0000,null,0.0000,99.9880,1.99976,null,7/2+,2.3705000000,3.1700000000,204.0000,47.958,3.24380000
252,180,74,b,b,W,179.94671343500,1444.53911410570,8.02521730059,UPN,18.2555,A,2.5090,0.1400,0.00175,null,null,null,null,null,null,null
253,182,74,b,b,W,181.94820572100,1459.29123207590,8.01808369272,SPN,50.0000,null,0.0000,26.4100,0.330125,null,null,null,null,null,null,null
254,183,74,f,f,W,182.95022450000,1465.48183783830,8.00809747453,SPN,50.0000,null,0.0000,14.4000,0.18,null,1/2-,0.1173900000,null,null,null,1.12824070
255,184,74,b,b,W,183.95093326000,1472.89271887610,8.00485173302,SPN,50.0000,null,0.0000,30.6400,0.383,null,null,null,null,null,null,null
256,186,74,b,b,W,185.95436521500,1485.83804616380,7.98837659228,SPN,50.0000,null,0.0000,28.4100,0.355125,null,null,null,null,null,null,null
257,185,75,f,b,Re,184.95295833700,1478.29512467720,7.99078445771,SPN,50.0000,null,0.0000,37.0700,0.00025949,null,5/2+,3.1760000000,2.1800000000,280.0000,90.098,6.10570000
258,187,75,f,b,Re,186.95575228800,1491.83474907570,7.97772593089,UPN,10.6151,B-,0.0026,62.9300,0.00044051,null,5/2+,3.2090000000,2.0700000000,490.0000,91.006,6.16820000
259,184,76,b,b,Os,183.95249294900,1469.87521059050,7.98845223147,SPN,50.0000,null,0.0000,0.0180,0.00000027,null,null,null,null,null,null,null
260,186,76,b,b,Os,185.95383766000,1484.76479383690,7.98260641848,UPN,15.3015,A,2.8230,1.5900,0.00002385,null,null,null,null,null,null,null
261,187,76,f,f,Os,186.95574964000,1491.05488226270,7.97355552012,SPN,50.0000,null,0.0000,1.6400,0.0000246,null,1/2-,0.0644200000,null,null,null,0.61928970
262,188,76,b,b,Os,187.95583736100,1499.04425760990,7.97363966814,SPN,50.0000,null,0.0000,13.3000,0.0001995,null,null,null,null,null,null,null
263,189,76,f,f,Os,188.95814600500,1504.96485576730,7.96277701464,SPN,50.0000,null,0.0000,16.1000,0.0002415,null,3/2-,0.6576000000,0.8600000000,null,null,2.10713000
264,190,76,b,b,Os,189.95844549600,1512.75696855950,7.96187878189,SPN,50.0000,null,0.0000,26.4000,0.000396,null,null,null,null,null,null,null
265,192,76,b,b,Os,191.96147888100,1526.07356154380,7.94829979971,SPN,50.0000,null,0.0000,41.0000,0.000615,null,null,null,null,null,null,null
266,191,77,f,b,Ir,190.96059152700,1518.04670639500,7.94788851516,SPN,50.0000,null,0.0000,37.3000,0.000373,null,3/2+,0.1502000000,0.8160000000,null,null,0.48120000
267,193,77,f,b,Ir,192.96292382400,1532.01635887860,7.93790859523,SPN,50.0000,null,0.0000,62.7000,0.000627,null,3/2+,0.1630000000,0.7510000000,null,null,0.52270000
268,190,78,b,b,Pt,189.95994987600,1509.79098029400,7.94626831734,UPN,11.8129,A,3.2520,0.0127,0.000000635,null,null,null,null,null,null,null
269,192,78,b,b,Pt,191.96104273600,1524.91516131990,7.94226646521,SPN,50.0000,null,0.0000,0.7800,0.000039,null,null,null,null,null,null,null
270,194,78,b,b,Pt,193.96268352700,1539.52894772410,7.93571622538,SPN,50.0000,null,0.0000,32.9000,0.001645,null,null,null,null,null,null,null
271,195,78,f,f,Pt,194.96479435300,1545.63381222760,7.92632724219,SPN,50.0000,null,0.0000,33.8000,0.00169,null,1/2-,0.6073000000,null,19.1000,85.996,5.83850000
272,196,78,b,b,Pt,195.96495467500,1553.55556015470,7.92630387834,SPN,50.0000,null,0.0000,25.3000,0.001265,null,null,null,null,null,null,null
273,198,78,b,b,Pt,197.96789673400,1566.95722279050,7.91392536763,SPN,50.0000,null,0.0000,7.2100,0.0003605,null,null,null,null,null,null,null
274,197,79,f,b,Au,196.96657011400,1559.33954143160,7.91542914432,SPN,50.0000,null,0.0000,100.0000,0.004,null,3/2+,0.1452000000,0.5470000000,null,null,0.47306000
275,196,80,b,b,Hg,195.96583344400,1551.17232499070,7.91414451526,SPN,50.0000,null,0.0000,0.1460,0.0001241,null,null,null,null,null,null,null
276,198,80,b,b,Hg,197.96676917900,1566.44286706370,7.91132761143,SPN,50.0000,null,0.0000,10.0200,0.008517,null,null,null,null,null,null,null
277,199,80,f,f,Hg,198.96828098900,1573.10571157690,7.90505382702,SPN,50.0000,null,0.0000,16.8400,0.014314,null,1/2-,0.5039000000,null,5.4200,71.643,4.84579300
278,200,80,b,b,Hg,199.96832693400,1581.13400103140,7.90567000516,SPN,50.0000,null,0.0000,23.1300,0.0196605,null,null,null,null,null,null,null
279,201,80,f,f,Hg,200.97030303800,1587.36435831450,7.89733511599,SPN,50.0000,null,0.0000,13.2200,0.011237,null,3/2-,-0.5580000000,0.3870000000,1.1600,null,-1.78877000
280,202,80,b,b,Hg,201.97064358500,1595.11822767530,7.89662488948,SPN,50.0000,null,0.0000,29.8000,0.02533,null,null,null,null,null,null,null
281,204,80,b,b,Hg,203.97349403700,1608.60522171250,7.88531971428,SPN,50.0000,null,0.0000,6.8500,0.0058225,null,null,null,null,null,null,null
282,203,81,f,b,Tl,202.97234402200,1600.82303379690,7.88582775269,SPN,50.0000,null,0.0000,29.5000,0.25075,null,1/2+,1.6160000000,null,null,null,15.53933900
283,205,81,f,b,Tl,204.97442723700,1615.02470475210,7.87816929147,SPN,50.0000,null,0.0000,70.5000,0.59925,null,1/2+,1.6320000000,null,null,null,15.69218600
284,204,82,b,b,Pb,203.97304342000,1607.46030207460,7.87970736311,SPN,50.0000,null,0.0000,1.4800,0.2072,null,null,null,null,null,null,null
285,206,82,b,b,Pb,205.97446512400,1622.27816677790,7.87513673193,SPN,50.0000,null,0.0000,23.6000,3.304,null,null,null,null,null,null,null
286,207,82,f,f,Pb,206.97589673500,1629.01571620510,7.86964114109,SPN,50.0000,null,0.0000,22.6000,3.164,null,1/2-,0.5906000000,null,11.8000,83.432,5.57670000
287,208,82,b,b,Pb,207.97665191800,1636.38335448150,7.86722766578,SPN,50.0000,null,0.0000,52.3000,7.322,null,null,null,null,null,null,null
288,209,83,f,b,Bi,208.98039851900,1640.18217043150,7.84776158101,UPN,19.2788,A,3.1370,100.0000,0.0085,null,9/2-,4.0920000000,-0.5160000000,777.0000,64.277,4.37470000
289,232,90,b,b,Th,232.03805368900,1766.63537252370,7.61480764019,UPN,10.1480,A or SF,4.0830,100.0000,9.6,null,null,null,null,null,null,null
290,235,92,f,f,U,235.04392819000,1783.81190219450,7.59068894551,UPN,8.8476,A or SF,4.6790,0.7200,0.01944,null,7/2-,-0.3800000000,4.9360000000,null,null,-0.52000000
291,238,92,b,b,U,238.05078699600,1801.63622415550,7.56990010149,UPN,9.6504,A or SF or 2 B-,4.2700,99.2745,2.6804115,null,null,null,null,null,null,null
292,239,94,f,f,Pu,239.05216166900,1806.86214418710,7.56009265350,SYN,4.3822,"SF, A, G, B-",5.1443,null,null,null,1/2+,0.2020000000,null,null,null,1.94000000
293,0,0,b,b,nu,0.00000000000,0.00000000000,0.00000000000,SPN,50.0000,null,0.0000,0.0000,0,0,null,null,null,null,null,null
294,10,4,b,b,Be,10.01353469500,64.97404427736,6.49740442774,UPN,6.1790,B-,0.2026,null,null,null,null,null,null,null,null,null
295,26,13,b,f,Al,25.98689186300,211.88808201138,8.14954161582,UPN,5.8555,EC,0.5433,null,null,null,5+,2.8030000000,0.2600000000,null,null,null
296,36,17,b,f,Cl,35.96830682200,306.78147836813,8.52170773245,UPN,5.4786,EC,0.0502,null,null,null,2+,1.2849000000,-0.1780000000,null,null,null
297,41,20,f,f,Ca,40.96227792100,350.40580006536,8.54648292842,UPN,5.0128,EC,0.0030,null,null,null,7/2-,-1.5944300000,-0.6650000000,null,null,null
298,53,25,f,b,Mn,52.94128774200,462.89940935380,8.73395111988,UPN,6.5682,EC,0.0005,null,null,null,7/2-,5.0330000000,0.1700000000,null,null,null
299,59,28,f,f,Ni,58.93434557100,515.44552384267,8.73636481089,UPN,4.8808,EC,0.0008,null,null,null,null,null,null,null,null,null
300,60,26,b,b,Fe,59.93407041100,525.33758760513,8.75562646009,UPN,6.1761,B-,0.0511,null,null,null,null,null,null,null,null,null
301,79,34,f,f,Se,78.91849925100,686.93401990304,8.69536734054,UPN,6.0414,B-,0.0558,null,null,null,7/2+,-1.0180000000,0.8000000000,null,null,null
302,81,36,f,f,Kr,80.91658971400,703.29024990152,8.68259567780,UPN,5.3598,EC,0.0014,null,null,null,7/2+,-0.9070000000,0.6440000000,null,null,null
303,93,40,f,f,Zr,92.90647064600,806.43981430394,8.67139585273,UPN,6.1847,B-,0.0191,null,null,null,null,null,null,null,null,null
304,97,43,f,b,Tc,96.90636072300,836.47955457210,8.62350056260,UPN,6.4150,EC,0.0023,null,null,null,null,null,null,null,null,null
305,98,43,b,f,Tc,97.90721120500,843.75842236994,8.60977982010,UPN,6.6232,B-,0.1180,null,null,null,null,null,null,null,null,null
306,99,43,f,b,Tc,98.90624967800,852.72516628365,8.61338551802,UPN,5.3245,B-,0.0846,null,null,null,9/2+,5.6780000000,-0.1290000000,2134.0000,90.033,6.05030000
307,107,46,f,f,Pd,106.90512806400,915.99163883213,8.56066952180,UPN,6.8129,B-,0.0093,null,null,null,null,null,null,null,null,null
308,126,50,b,b,Sn,125.90765883600,1063.85555768560,8.44329807687,UPN,5.0000,B-,0.0700,null,null,null,null,null,null,null,null,null
309,129,53,f,b,I,128.90498368700,1088.21370447540,8.43576515097,UPN,7.1959,B-,0.0409,null,null,null,7/2+,2.6165000000,-0.4880000000,null,null,3.58660000
310,135,55,f,b,Cs,134.90597723400,1134.15007602450,8.40111167426,UPN,6.3617,B-,0.0759,null,null,null,7/2+,2.7283000000,0.0480000000,null,null,null
311,137,57,f,b,La,136.90645061800,1148.28662861420,8.38165422346,UPN,4.7782,EC,0.0037,null,null,null,7/2+,2.6960000000,0.2100000000,null,null,null
312,146,62,b,b,Sm,145.91304688100,1210.87036261170,8.29363262063,UPN,8.0128,A,2.4600,null,null,null,null,null,null,null,null,null
313,182,72,b,b,Hf,181.95056381600,1458.65934676540,8.01461179541,UPN,6.9542,B-,0.0300,null,null,null,null,null,null,null,null,null
314,186,75,b,f,Re,185.95498941900,1484.47427026490,7.98104446379,UPN,5.3010,IT,0.0067,null,null,null,null,null,null,null,null,null
315,210,83,b,f,Bi,209.98412015600,1644.78657361610,7.83231701722,UPN,6.4829,A,4.4200,null,null,null,9-,2.7200000000,0.6600000000,null,null,null
316,230,90,b,b,Th,230.03313235800,1755.07739054050,7.63077126322,UPN,4.8773,A,4.4384,null,null,null,null,null,null,null,null,null
317,231,91,f,b,Pa,231.03588257500,1759.80433254050,7.61820057377,UPN,4.5153,A,4.5990,100.0000,null,null,3/2-,1.9900000000,-1.7200000000,null,null,6.42000000
318,233,92,f,f,U,233.03963436700,1771.66940006510,7.60373133075,UPN,5.2019,A,4.5093,null,null,null,5/2+,-0.5900000000,3.6630000000,null,null,1.33000000
319,234,92,b,b,U,234.04095037000,1778.51463768930,7.60048990466,UPN,5.3904,A,4.6035,null,null,null,null,null,null,null,null,null
320,236,92,b,b,U,236.04556620100,1790.35719119140,7.58625928471,UPN,7.3692,A,4.3320,null,null,null,null,null,null,null,null,null
321,236,93,b,f,Np,236.04656839200,1788.64132254370,7.57898865485,SYN,5.1875,"EC, B-, A",0.0460,null,null,null,6-,null,null,null,null,null
322,237,93,f,b,Np,237.04817171000,1795.21892787350,7.57476340875,SYN,6.3304,A,4.3860,null,null,null,5/2+,3.1400000000,3.8660000000,null,null,6.02000000
323,242,94,b,b,Pu,242.05874104500,1824.94675360960,7.54110228764,SYN,5.5721,A,4.7546,null,null,null,null,null,null,null,null,null
324,244,94,b,b,Pu,244.06420441500,1835.99982933570,7.52458946449,SYN,7.9031,A,0.0099,null,null,null,null,null,null,null,null,null
